-- phpMyAdmin SQL Dump
-- version 5.2.1
-- https://www.phpmyadmin.net/
--
-- Host: 127.0.0.1
-- Generation Time: Oct 10, 2025 at 02:57 PM
-- Server version: 10.4.32-MariaDB
-- PHP Version: 8.2.12

SET SQL_MODE = "NO_AUTO_VALUE_ON_ZERO";
START TRANSACTION;
SET time_zone = "+00:00";


/*!40101 SET @OLD_CHARACTER_SET_CLIENT=@@CHARACTER_SET_CLIENT */;
/*!40101 SET @OLD_CHARACTER_SET_RESULTS=@@CHARACTER_SET_RESULTS */;
/*!40101 SET @OLD_COLLATION_CONNECTION=@@COLLATION_CONNECTION */;
/*!40101 SET NAMES utf8mb4 */;

--
-- Database: `summit`
--

-- --------------------------------------------------------

--
-- Table structure for table `attributes`
--

CREATE TABLE `attributes` (
  `id` int(11) NOT NULL,
  `name` varchar(255) NOT NULL,
  `slug` varchar(255) NOT NULL,
  `created_at` timestamp NOT NULL DEFAULT current_timestamp(),
  `updated_at` timestamp NOT NULL DEFAULT current_timestamp() ON UPDATE current_timestamp()
) ENGINE=InnoDB DEFAULT CHARSET=utf8mb4 COLLATE=utf8mb4_general_ci;

--
-- Dumping data for table `attributes`
--

INSERT INTO `attributes` (`id`, `name`, `slug`, `created_at`, `updated_at`) VALUES
(1, 'Capacity', 'capacity', '2025-09-24 13:02:39', '2025-09-24 13:02:39'),
(2, 'Shape', 'shape', '2025-09-24 13:02:39', '2025-09-24 13:02:39'),
(3, 'Material', 'material', '2025-09-24 13:02:39', '2025-09-24 13:02:39'),
(4, 'Color', 'color', '2025-09-24 13:02:39', '2025-09-24 13:02:39');

-- --------------------------------------------------------

--
-- Table structure for table `attribute_values`
--

CREATE TABLE `attribute_values` (
  `id` int(11) NOT NULL,
  `attribute_id` int(11) NOT NULL,
  `value` varchar(255) NOT NULL,
  `slug` varchar(255) NOT NULL,
  `created_at` timestamp NOT NULL DEFAULT current_timestamp(),
  `updated_at` timestamp NOT NULL DEFAULT current_timestamp() ON UPDATE current_timestamp()
) ENGINE=InnoDB DEFAULT CHARSET=utf8mb4 COLLATE=utf8mb4_general_ci;

--
-- Dumping data for table `attribute_values`
--

INSERT INTO `attribute_values` (`id`, `attribute_id`, `value`, `slug`, `created_at`, `updated_at`) VALUES
(1, 1, '3L', '3l', '2025-09-24 13:09:18', '2025-09-24 13:09:18'),
(2, 1, '5L', '5l', '2025-09-24 13:09:18', '2025-09-24 13:09:18'),
(3, 1, '7L', '7l', '2025-09-24 13:09:18', '2025-09-24 13:09:18'),
(4, 2, 'Handi', 'handi', '2025-09-24 13:09:18', '2025-09-24 13:09:18'),
(5, 2, 'Round', 'round', '2025-09-24 13:09:18', '2025-09-24 13:09:18'),
(6, 3, 'Aluminium', 'aluminium', '2025-09-24 13:09:18', '2025-09-24 13:09:18'),
(7, 3, 'Stainless Steel', 'stainless-steel', '2025-09-24 13:09:18', '2025-09-24 13:09:18'),
(8, 4, 'Black', 'black', '2025-09-24 13:09:18', '2025-09-24 13:09:18'),
(9, 4, 'Silver', 'silver', '2025-09-24 13:09:18', '2025-09-24 13:09:18'),
(10, 1, '1.5L', '1.5l', '2025-10-04 06:19:54', '2025-10-04 06:20:17'),
(11, 2, 'Plain', 'plain', '2025-10-04 06:29:21', '2025-10-04 06:29:21'),
(12, 1, '2L', '2l', '2025-10-06 08:53:48', '2025-10-06 08:53:48');

-- --------------------------------------------------------

--
-- Table structure for table `cache`
--

CREATE TABLE `cache` (
  `key` varchar(255) NOT NULL,
  `value` mediumtext NOT NULL,
  `expiration` int(11) NOT NULL
) ENGINE=InnoDB DEFAULT CHARSET=utf8mb4 COLLATE=utf8mb4_unicode_ci;

-- --------------------------------------------------------

--
-- Table structure for table `cache_locks`
--

CREATE TABLE `cache_locks` (
  `key` varchar(255) NOT NULL,
  `owner` varchar(255) NOT NULL,
  `expiration` int(11) NOT NULL
) ENGINE=InnoDB DEFAULT CHARSET=utf8mb4 COLLATE=utf8mb4_unicode_ci;

-- --------------------------------------------------------

--
-- Table structure for table `carts`
--

CREATE TABLE `carts` (
  `id` bigint(20) NOT NULL,
  `user_id` bigint(20) DEFAULT NULL,
  `session_id` varchar(255) DEFAULT NULL,
  `created_at` timestamp NOT NULL DEFAULT current_timestamp(),
  `updated_at` timestamp NOT NULL DEFAULT current_timestamp() ON UPDATE current_timestamp()
) ENGINE=InnoDB DEFAULT CHARSET=utf8mb4 COLLATE=utf8mb4_general_ci;

--
-- Dumping data for table `carts`
--

INSERT INTO `carts` (`id`, `user_id`, `session_id`, `created_at`, `updated_at`) VALUES
(1, NULL, 'L9DUgG15ttSk70zGt2kd6ocqjw1VVGZ4gmaP3VVo', '2025-10-07 00:13:52', '2025-10-07 00:13:52');

-- --------------------------------------------------------

--
-- Table structure for table `cart_items`
--

CREATE TABLE `cart_items` (
  `id` bigint(20) NOT NULL,
  `cart_id` bigint(20) NOT NULL,
  `product_variant_id` bigint(20) NOT NULL,
  `quantity` int(11) DEFAULT 1,
  `price` decimal(10,2) NOT NULL,
  `created_at` timestamp NOT NULL DEFAULT current_timestamp(),
  `updated_at` timestamp NOT NULL DEFAULT current_timestamp() ON UPDATE current_timestamp()
) ENGINE=InnoDB DEFAULT CHARSET=utf8mb4 COLLATE=utf8mb4_general_ci;

--
-- Dumping data for table `cart_items`
--

INSERT INTO `cart_items` (`id`, `cart_id`, `product_variant_id`, `quantity`, `price`, `created_at`, `updated_at`) VALUES
(11, 1, 5, 1, 1160.00, '2025-10-10 07:07:14', '2025-10-10 07:07:14'),
(12, 1, 6, 1, 1880.00, '2025-10-10 07:07:26', '2025-10-10 07:07:26');

-- --------------------------------------------------------

--
-- Table structure for table `categories`
--

CREATE TABLE `categories` (
  `id` int(11) NOT NULL,
  `name` varchar(255) NOT NULL,
  `slug` varchar(255) NOT NULL,
  `parent_id` int(11) DEFAULT NULL,
  `title` varchar(255) NOT NULL,
  `keyword` varchar(255) NOT NULL,
  `meta_description` varchar(255) NOT NULL,
  `created_at` timestamp NOT NULL DEFAULT current_timestamp(),
  `updated_at` timestamp NOT NULL DEFAULT current_timestamp() ON UPDATE current_timestamp()
) ENGINE=InnoDB DEFAULT CHARSET=utf8mb4 COLLATE=utf8mb4_general_ci;

--
-- Dumping data for table `categories`
--

INSERT INTO `categories` (`id`, `name`, `slug`, `parent_id`, `title`, `keyword`, `meta_description`, `created_at`, `updated_at`) VALUES
(1, 'Pressure Cooker', 'pressure-cooker', NULL, 'cook', 'cook', 'cook', '2025-09-25 11:40:21', '2025-10-04 06:33:44'),
(2, 'Outer Lid', 'outer-lid', 1, 'outerlid title', 'keywords', 'dess', '2025-10-04 06:40:52', '2025-10-04 06:40:52');

-- --------------------------------------------------------

--
-- Table structure for table `failed_jobs`
--

CREATE TABLE `failed_jobs` (
  `id` bigint(20) UNSIGNED NOT NULL,
  `uuid` varchar(255) NOT NULL,
  `connection` text NOT NULL,
  `queue` text NOT NULL,
  `payload` longtext NOT NULL,
  `exception` longtext NOT NULL,
  `failed_at` timestamp NOT NULL DEFAULT current_timestamp()
) ENGINE=InnoDB DEFAULT CHARSET=utf8mb4 COLLATE=utf8mb4_unicode_ci;

-- --------------------------------------------------------

--
-- Table structure for table `jobs`
--

CREATE TABLE `jobs` (
  `id` bigint(20) UNSIGNED NOT NULL,
  `queue` varchar(255) NOT NULL,
  `payload` longtext NOT NULL,
  `attempts` tinyint(3) UNSIGNED NOT NULL,
  `reserved_at` int(10) UNSIGNED DEFAULT NULL,
  `available_at` int(10) UNSIGNED NOT NULL,
  `created_at` int(10) UNSIGNED NOT NULL
) ENGINE=InnoDB DEFAULT CHARSET=utf8mb4 COLLATE=utf8mb4_unicode_ci;

-- --------------------------------------------------------

--
-- Table structure for table `job_batches`
--

CREATE TABLE `job_batches` (
  `id` varchar(255) NOT NULL,
  `name` varchar(255) NOT NULL,
  `total_jobs` int(11) NOT NULL,
  `pending_jobs` int(11) NOT NULL,
  `failed_jobs` int(11) NOT NULL,
  `failed_job_ids` longtext NOT NULL,
  `options` mediumtext DEFAULT NULL,
  `cancelled_at` int(11) DEFAULT NULL,
  `created_at` int(11) NOT NULL,
  `finished_at` int(11) DEFAULT NULL
) ENGINE=InnoDB DEFAULT CHARSET=utf8mb4 COLLATE=utf8mb4_unicode_ci;

-- --------------------------------------------------------

--
-- Table structure for table `migrations`
--

CREATE TABLE `migrations` (
  `id` int(10) UNSIGNED NOT NULL,
  `migration` varchar(255) NOT NULL,
  `batch` int(11) NOT NULL
) ENGINE=InnoDB DEFAULT CHARSET=utf8mb4 COLLATE=utf8mb4_unicode_ci;

-- --------------------------------------------------------

--
-- Table structure for table `password_reset_tokens`
--

CREATE TABLE `password_reset_tokens` (
  `email` varchar(255) NOT NULL,
  `token` varchar(255) NOT NULL,
  `created_at` timestamp NULL DEFAULT NULL
) ENGINE=InnoDB DEFAULT CHARSET=utf8mb4 COLLATE=utf8mb4_unicode_ci;

-- --------------------------------------------------------

--
-- Table structure for table `products`
--

CREATE TABLE `products` (
  `id` int(11) NOT NULL,
  `name` varchar(255) NOT NULL,
  `slug` varchar(255) NOT NULL,
  `category_id` int(11) NOT NULL,
  `description` text NOT NULL,
  `short_description` varchar(255) NOT NULL,
  `title` varchar(255) NOT NULL,
  `keyword` varchar(255) NOT NULL,
  `meta_description` varchar(255) NOT NULL,
  `created_at` timestamp NOT NULL DEFAULT current_timestamp(),
  `updated_at` timestamp NOT NULL DEFAULT current_timestamp() ON UPDATE current_timestamp()
) ENGINE=InnoDB DEFAULT CHARSET=utf8mb4 COLLATE=utf8mb4_general_ci;

--
-- Dumping data for table `products`
--

INSERT INTO `products` (`id`, `name`, `slug`, `category_id`, `description`, `short_description`, `title`, `keyword`, `meta_description`, `created_at`, `updated_at`) VALUES
(1, 'Pressure Cooker', 'pressure-cooker', 1, 'cooker cooker', 'cookerrr', 'cook', 'cook', 'cook', '2025-09-25 11:44:57', '2025-10-09 05:35:06'),
(2, 'SUMMIT OUTERLID PLAIN PRIME ', 'summit-outerlid', 2, '<section>\n                <h1 className=\"text-2xl font-bold text-gray-800 mb-4\">\n                  Summit Outerlid Pressure Cooker – 1.5 Liters (Prime Series)\n                </h1>\n\n                <p className=\"text-gray-700 mb-6\">\n                  The Summit Outerlid 1.5L Prime Pressure Cooker is thoughtfully designed for efficient and safe cooking in compact kitchen spaces. Constructed from premium-grade aluminium, this pressure cooker combines sturdy build quality with lightweight features, making it ideal for small family meal preparations and everyday usage.\n                </p>\n\n                <h2 className=\"text-xl font-semibold text-gray-800 mb-2\">Key Features:</h2>\n                <ul className=\"list-disc list-inside text-gray-700 space-y-2 mb-6\">\n                  <li>\n                    <strong>1.5 Liter Capacity:</strong> Perfectly sized for small to medium families, suitable for cooking rice, dals, soups, and vegetables efficiently.\n                  </li>\n                  <li>\n                    <strong>Premium Aluminium Body:</strong> Engineered for durability, heat retention, and fast cooking.\n                  </li>\n                  <li>\n                    <strong>Complete Set:</strong> Comes with 1 pressure cooker with lid, 1 rubber gasket, 1 weight (whistle), and 1 instruction manual/warranty card.\n                  </li>\n                  <li>\n                    <strong>Compact Dimensions:</strong> Measures 30 x 14 x 18 cm; fits conveniently in most kitchen setups.\n                  </li>\n                  <li>\n                    <strong>ISI Certified:</strong> Guarantees compliance with India’s strictest quality and safety standards.\n                  </li>\n                  <li>\n                    <strong>5-Year Warranty:</strong> Provides long-term assurance against manufacturing defects, ensuring peace of mind.\n                  </li>\n                </ul>\n\n                <h2 className=\"text-xl font-semibold text-gray-800 mb-2\">Manufacturer Details:</h2>\n                <p className=\"text-gray-700 mb-6\">\n                  Made by Vardhman Industries, based in Ghaziabad, this cooker reflects quality craftsmanship rooted in strong manufacturing expertise. Customer care support is available via toll-free, mobile, WhatsApp, and email for assistance and inquiries.\n                </p>\n\n                <h2 className=\"text-xl font-semibold text-gray-800 mb-2\">Why Choose Summit Outerlid 1.5L Prime?</h2>\n                <p className=\"text-gray-700\">\n                  This cooker is ideal for users seeking a compact, highly reliable pressure cooker with trusted safety mechanisms and long-term durability. Its efficient heat distribution and secure lid locking mechanism make it a practical choice for everyday home cooking, delivering consistent performance with each use.\n                </p>\n              </section>', 'short desc', 'title', 'keywords', 'description', '2025-10-04 06:14:30', '2025-10-10 11:40:46'),
(3, 'SUMMIT OUTERLID COMBIPACK PRIME', 'summit-outerlid-combipack-prime', 2, 'summit outerlid combipack prime 3l/5l', 'summit outerlid', 'sumit', 'keyword', 'description', '2025-10-09 05:54:25', '2025-10-10 07:13:49'),
(4, 'Summit Outer Lid Aluminium Pressure Cooker Supreme', 'summit-aluminium-outer-lid-pressure-cooker-supreme', 2, 'desc', 'sort desc', 'title', 'kwywords', 'meta desc', '2025-10-10 12:20:14', '2025-10-10 12:23:46'),
(5, 'Summit Outer Lid Pressure Cooker Heavy', 'summit-outer-lid-pressure-cooker-heavy', 2, 'desc', 'short desc', 'title', 'key', 'desc', '2025-10-10 12:23:10', '2025-10-10 12:23:10'),
(6, 'Summit Outer Lid Pressure Cooker Ultimate', 'summit-outer-lid-pressure-cooker-ultimate', 2, 'desc', 'short desc', 'title', 'key', 'desc', '2025-10-10 12:24:26', '2025-10-10 12:24:26');

-- --------------------------------------------------------

--
-- Table structure for table `product_variants`
--

CREATE TABLE `product_variants` (
  `id` int(11) NOT NULL,
  `product_id` int(11) NOT NULL,
  `sku` varchar(255) NOT NULL,
  `mrp` int(11) NOT NULL,
  `price` int(11) NOT NULL,
  `stock` int(11) NOT NULL,
  `image` varchar(255) NOT NULL,
  `created_at` timestamp NOT NULL DEFAULT current_timestamp(),
  `updated_at` timestamp NOT NULL DEFAULT current_timestamp() ON UPDATE current_timestamp()
) ENGINE=InnoDB DEFAULT CHARSET=utf8mb4 COLLATE=utf8mb4_general_ci;

--
-- Dumping data for table `product_variants`
--

INSERT INTO `product_variants` (`id`, `product_id`, `sku`, `mrp`, `price`, `stock`, `image`, `created_at`, `updated_at`) VALUES
(1, 1, 'PC-3L-ROUND', 100, 50, 10, '', '2025-09-25 11:51:12', '2025-10-10 07:18:57'),
(2, 1, 'PC-5L-HANDI', 100, 60, 20, '', '2025-09-25 11:54:57', '2025-10-10 07:19:05'),
(3, 1, 'PC-7L-ROUND', 100, 70, 30, '', '2025-09-25 11:54:57', '2025-10-10 07:19:09'),
(4, 2, 'SO1.5P', 2100, 1050, 10, 'assets/products/1.SO1.5P.jpg', '2025-10-04 06:17:41', '2025-10-10 07:21:02'),
(5, 2, 'SO2P', 2000, 1160, 30, 'assets/products/1.SO1.5P.jpg', '2025-10-06 08:51:22', '2025-10-10 07:21:11'),
(6, 3, 'SO3CP', 3000, 1880, 20, 'assets/products/1.SO3CP.jpg', '2025-10-09 06:55:31', '2025-10-10 07:21:21'),
(7, 3, 'SO5CP', 4920, 2460, 20, 'assets/products/1.SO3CP.jpg', '2025-10-09 06:59:47', '2025-10-10 07:36:54'),
(8, 4, 'SO1.5S', 2000, 1160, 20, 'assets/products/5.SO1IS.jpg', '2025-10-10 12:29:28', '2025-10-10 12:52:14'),
(9, 4, 'SO2S', 2500, 1300, 20, 'assets/products/6.SO1IS.jpg', '2025-10-10 12:30:07', '2025-10-10 12:52:43'),
(10, 4, 'SO5S', 3000, 1800, 20, 'assets/products/1.SO3.5H.jpg', '2025-10-10 12:31:03', '2025-10-10 12:53:07'),
(11, 5, 'SO5S', 3000, 1800, 20, 'assets/products/2.SO3.5H.jpg', '2025-10-10 12:31:52', '2025-10-10 12:53:23'),
(12, 5, 'SO6S', 2400, 1400, 20, 'assets/products/11.SO3.5H.jpg', '2025-10-10 12:32:13', '2025-10-10 12:53:44'),
(13, 6, 'SO55S', 2500, 1900, 20, 'assets/products/1.SO16U.jpg', '2025-10-10 12:32:28', '2025-10-10 12:54:14'),
(14, 6, 'SO55S', 4500, 3000, 20, 'assets/products/12.SO20U.jpg', '2025-10-10 12:32:42', '2025-10-10 12:56:35');

-- --------------------------------------------------------

--
-- Table structure for table `product_variant_attributes`
--

CREATE TABLE `product_variant_attributes` (
  `id` int(11) NOT NULL,
  `product_variant_id` int(11) NOT NULL,
  `attribute_value_id` int(11) NOT NULL,
  `created_at` timestamp NOT NULL DEFAULT current_timestamp(),
  `updated_at` timestamp NOT NULL DEFAULT current_timestamp() ON UPDATE current_timestamp()
) ENGINE=InnoDB DEFAULT CHARSET=utf8mb4 COLLATE=utf8mb4_general_ci;

--
-- Dumping data for table `product_variant_attributes`
--

INSERT INTO `product_variant_attributes` (`id`, `product_variant_id`, `attribute_value_id`, `created_at`, `updated_at`) VALUES
(1, 1, 1, '2025-09-25 11:59:04', '2025-09-25 11:59:04'),
(2, 1, 4, '2025-09-25 11:59:04', '2025-09-25 11:59:04'),
(3, 1, 6, '2025-09-25 11:59:04', '2025-09-25 11:59:04'),
(4, 1, 9, '2025-09-25 11:59:04', '2025-09-25 11:59:04'),
(5, 2, 2, '2025-09-25 11:59:04', '2025-09-25 11:59:04'),
(6, 2, 5, '2025-09-25 11:59:04', '2025-09-25 11:59:04'),
(7, 2, 7, '2025-09-25 11:59:04', '2025-09-25 11:59:04'),
(8, 2, 8, '2025-09-25 11:59:04', '2025-09-25 11:59:04'),
(9, 3, 3, '2025-09-25 11:59:04', '2025-09-25 11:59:04'),
(10, 3, 4, '2025-09-25 11:59:04', '2025-09-25 11:59:04'),
(11, 3, 7, '2025-09-25 11:59:04', '2025-09-25 11:59:04'),
(12, 3, 9, '2025-09-25 11:59:04', '2025-09-25 11:59:04'),
(13, 4, 10, '2025-10-04 06:21:29', '2025-10-04 06:21:29'),
(15, 5, 12, '2025-10-06 08:54:51', '2025-10-06 08:54:51'),
(16, 6, 1, '2025-10-09 07:22:04', '2025-10-09 07:22:04'),
(17, 7, 2, '2025-10-09 07:22:04', '2025-10-09 07:22:04'),
(18, 8, 10, '2025-10-10 12:43:17', '2025-10-10 12:43:17'),
(19, 9, 12, '2025-10-10 12:43:17', '2025-10-10 12:43:17'),
(20, 10, 2, '2025-10-10 12:43:17', '2025-10-10 12:43:17'),
(21, 11, 10, '2025-10-10 12:43:17', '2025-10-10 12:43:17'),
(22, 12, 12, '2025-10-10 12:43:17', '2025-10-10 12:43:17'),
(23, 13, 2, '2025-10-10 12:43:17', '2025-10-10 12:43:17'),
(24, 14, 3, '2025-10-10 12:43:17', '2025-10-10 12:43:17');

-- --------------------------------------------------------

--
-- Table structure for table `product_variant_images`
--

CREATE TABLE `product_variant_images` (
  `id` int(11) NOT NULL,
  `product_variant_id` int(11) NOT NULL,
  `image` varchar(255) NOT NULL,
  `created_at` timestamp NOT NULL DEFAULT current_timestamp(),
  `updated_at` timestamp NOT NULL DEFAULT current_timestamp() ON UPDATE current_timestamp()
) ENGINE=InnoDB DEFAULT CHARSET=utf8mb4 COLLATE=utf8mb4_general_ci;

--
-- Dumping data for table `product_variant_images`
--

INSERT INTO `product_variant_images` (`id`, `product_variant_id`, `image`, `created_at`, `updated_at`) VALUES
(1, 4, 'assets/products/2.SO1.5P.jpg', '2025-10-04 06:50:56', '2025-10-04 10:06:39'),
(2, 4, 'assets/products/3.SO1.5P.jpg', '2025-10-04 06:50:56', '2025-10-04 10:06:41'),
(3, 4, 'assets/products/4.SO1.5P.jpg', '2025-10-04 10:03:44', '2025-10-04 10:14:09'),
(4, 4, 'assets/products/5.SO1.5P.jpg', '2025-10-04 10:03:44', '2025-10-04 10:14:32'),
(5, 4, 'assets/products/6.SO1.5P.jpg', '2025-10-04 10:03:44', '2025-10-04 10:14:36'),
(6, 4, 'assets/products/7.SO1.5P.jpg', '2025-10-04 10:03:44', '2025-10-04 10:14:39'),
(7, 4, 'assets/products/8.SO1.5P.jpg', '2025-10-04 10:03:44', '2025-10-04 10:14:43'),
(8, 4, 'assets/products/9.SO1.5P.jpg', '2025-10-04 10:03:44', '2025-10-04 10:14:48'),
(10, 4, 'assets/products/11.SO1.5P.jpg', '2025-10-04 10:03:44', '2025-10-04 10:14:56'),
(11, 4, 'assets/products/12.SO1.5P.jpg', '2025-10-04 10:03:44', '2025-10-04 10:15:24'),
(12, 4, 'assets/products/13.SO1.5P.jpg', '2025-10-04 10:03:44', '2025-10-04 10:15:28'),
(13, 4, 'assets/products/14.SO1.5P.jpg', '2025-10-04 10:03:44', '2025-10-04 10:15:31');

-- --------------------------------------------------------

--
-- Table structure for table `sessions`
--

CREATE TABLE `sessions` (
  `id` varchar(255) NOT NULL,
  `user_id` bigint(20) UNSIGNED DEFAULT NULL,
  `ip_address` varchar(45) DEFAULT NULL,
  `user_agent` text DEFAULT NULL,
  `payload` longtext NOT NULL,
  `last_activity` int(11) NOT NULL
) ENGINE=InnoDB DEFAULT CHARSET=utf8mb4 COLLATE=utf8mb4_unicode_ci;

--
-- Dumping data for table `sessions`
--

INSERT INTO `sessions` (`id`, `user_id`, `ip_address`, `user_agent`, `payload`, `last_activity`) VALUES
('0DAvwJTZHGW50TLcf72B7EdmsxstTbqQGr3RDVWN', NULL, '127.0.0.1', 'Mozilla/5.0 (Windows NT 10.0; Win64; x64; rv:143.0) Gecko/20100101 Firefox/143.0', 'YTozOntzOjY6Il90b2tlbiI7czo0MDoiUGs2SDRWeXhxQ3hZVWFVS0ZFbmhRZlRxSUFqUUF1VkZUOVVWb3dhUiI7czo5OiJfcHJldmlvdXMiO2E6MTp7czozOiJ1cmwiO3M6MzI6Imh0dHA6Ly9sb2NhbGhvc3Qvc3VtbWl0L2FwaS9jYXJ0Ijt9czo2OiJfZmxhc2giO2E6Mjp7czozOiJvbGQiO2E6MDp7fXM6MzoibmV3IjthOjA6e319fQ==', 1760091903),
('1CPJrkSd6SHU8kRF33E7aKMGiaMYby55h2ff3oU3', NULL, '127.0.0.1', 'Mozilla/5.0 (Windows NT 10.0; Win64; x64; rv:143.0) Gecko/20100101 Firefox/143.0', 'YTozOntzOjY6Il90b2tlbiI7czo0MDoiU2dxSjNMVndadEJWblNuTzUzNWkxc0xaU0RNMHlyN2RkblZSVVdNWCI7czo5OiJfcHJldmlvdXMiO2E6MTp7czozOiJ1cmwiO3M6MzI6Imh0dHA6Ly9sb2NhbGhvc3Qvc3VtbWl0L2FwaS9jYXJ0Ijt9czo2OiJfZmxhc2giO2E6Mjp7czozOiJvbGQiO2E6MDp7fXM6MzoibmV3IjthOjA6e319fQ==', 1760091755),
('1IL0wfd4whZwNPPZojIGHd1usyEodddrhEUhjQus', NULL, '127.0.0.1', 'Mozilla/5.0 (Windows NT 10.0; Win64; x64; rv:143.0) Gecko/20100101 Firefox/143.0', 'YTozOntzOjY6Il90b2tlbiI7czo0MDoiY1I0R01lUHFJWmVKREh3b0oyS0ViTnM3bG94WGRJb1R6SXNDbEdNYSI7czo5OiJfcHJldmlvdXMiO2E6MTp7czozOiJ1cmwiO3M6MzI6Imh0dHA6Ly9sb2NhbGhvc3Qvc3VtbWl0L2FwaS9jYXJ0Ijt9czo2OiJfZmxhc2giO2E6Mjp7czozOiJvbGQiO2E6MDp7fXM6MzoibmV3IjthOjA6e319fQ==', 1760091916),
('1r6HGA2vmYoRqfpP1CCptOLOSGf4dWxkHlxaGlcQ', NULL, '127.0.0.1', 'Mozilla/5.0 (Windows NT 10.0; Win64; x64; rv:143.0) Gecko/20100101 Firefox/143.0', 'YTozOntzOjY6Il90b2tlbiI7czo0MDoiRGo1RnVzRmtrMjlRMVNCYVg2dTZmQlBsUUZ5TUZMeHIzNFJESUwyViI7czo5OiJfcHJldmlvdXMiO2E6MTp7czozOiJ1cmwiO3M6NTI6Imh0dHA6Ly9sb2NhbGhvc3Qvc3VtbWl0L2FwaS9wcm9kdWN0cy9zdW1taXQtb3V0ZXJsaWQiO31zOjY6Il9mbGFzaCI7YToyOntzOjM6Im9sZCI7YTowOnt9czozOiJuZXciO2E6MDp7fX19', 1760099829),
('25OeHowdp4pLPZz7tXfPcLujLvzXFU2gDfwWferL', NULL, '127.0.0.1', 'Mozilla/5.0 (Windows NT 10.0; Win64; x64; rv:143.0) Gecko/20100101 Firefox/143.0', 'YTozOntzOjY6Il90b2tlbiI7czo0MDoiWnUyaWlzYjJndmtFOUtJeEF3VWcyaVJTRVlkdHZKd3RyS1RVSTg5TyI7czo5OiJfcHJldmlvdXMiO2E6MTp7czozOiJ1cmwiO3M6NTI6Imh0dHA6Ly9sb2NhbGhvc3Qvc3VtbWl0L2FwaS9wcm9kdWN0cy9zdW1taXQtb3V0ZXJsaWQiO31zOjY6Il9mbGFzaCI7YToyOntzOjM6Im9sZCI7YTowOnt9czozOiJuZXciO2E6MDp7fX19', 1760099130),
('2FaHLSMcw6FmWmNVEaR8LlWGCL8uiS57vt5JEMs2', NULL, '127.0.0.1', 'Mozilla/5.0 (Windows NT 10.0; Win64; x64; rv:143.0) Gecko/20100101 Firefox/143.0', 'YTozOntzOjY6Il90b2tlbiI7czo0MDoibWY4VDVSN3RuWUdXQ2lMaG56UEl0QUp2aWJTWlhsbDh4SXBTMHAxdiI7czo5OiJfcHJldmlvdXMiO2E6MTp7czozOiJ1cmwiO3M6MzI6Imh0dHA6Ly9sb2NhbGhvc3Qvc3VtbWl0L2FwaS9jYXJ0Ijt9czo2OiJfZmxhc2giO2E6Mjp7czozOiJvbGQiO2E6MDp7fXM6MzoibmV3IjthOjA6e319fQ==', 1760091438),
('2FqNxiQDYHW7g2SkbzXhiGwhdavue8X7shNd9Hxa', NULL, '127.0.0.1', 'Mozilla/5.0 (Windows NT 10.0; Win64; x64; rv:143.0) Gecko/20100101 Firefox/143.0', 'YTozOntzOjY6Il90b2tlbiI7czo0MDoidkh0TXVGTzVzWkNlOHVDNU1FejNmM2pWVkFRREhwaW84akM1eWxFciI7czo5OiJfcHJldmlvdXMiO2E6MTp7czozOiJ1cmwiO3M6NTI6Imh0dHA6Ly9sb2NhbGhvc3Qvc3VtbWl0L2FwaS9wcm9kdWN0cy9zdW1taXQtb3V0ZXJsaWQiO31zOjY6Il9mbGFzaCI7YToyOntzOjM6Im9sZCI7YTowOnt9czozOiJuZXciO2E6MDp7fX19', 1760100938),
('2urWnaLnsCB5JFjm2OsreISAiJc6lN5I1Qm2V71T', NULL, '127.0.0.1', 'Mozilla/5.0 (Windows NT 10.0; Win64; x64; rv:143.0) Gecko/20100101 Firefox/143.0', 'YTozOntzOjY6Il90b2tlbiI7czo0MDoidnJyZ1FtVENOWDE1OXhGY1ZXOGp2eFFSWlV4OEdwZTlFUjI5VVhIZSI7czo5OiJfcHJldmlvdXMiO2E6MTp7czozOiJ1cmwiO3M6MzI6Imh0dHA6Ly9sb2NhbGhvc3Qvc3VtbWl0L2FwaS9jYXJ0Ijt9czo2OiJfZmxhc2giO2E6Mjp7czozOiJvbGQiO2E6MDp7fXM6MzoibmV3IjthOjA6e319fQ==', 1760091915),
('3oi3QtkLvOgcrE26fs6SNDvTtBGTxGShcM3o3Cs4', NULL, '127.0.0.1', 'Mozilla/5.0 (Windows NT 10.0; Win64; x64; rv:143.0) Gecko/20100101 Firefox/143.0', 'YTozOntzOjY6Il90b2tlbiI7czo0MDoiMTVEMDNxQmJwQWhDRW5RT080UXdIeHNmMUQwSnFXRWluV25weXh1biI7czo5OiJfcHJldmlvdXMiO2E6MTp7czozOiJ1cmwiO3M6MzI6Imh0dHA6Ly9sb2NhbGhvc3Qvc3VtbWl0L2FwaS9jYXJ0Ijt9czo2OiJfZmxhc2giO2E6Mjp7czozOiJvbGQiO2E6MDp7fXM6MzoibmV3IjthOjA6e319fQ==', 1760091906),
('3uGXi8a0NUHk5RNx26GKVBDT3nVjzTS4iq46K85y', NULL, '127.0.0.1', 'Mozilla/5.0 (Windows NT 10.0; Win64; x64; rv:143.0) Gecko/20100101 Firefox/143.0', 'YTozOntzOjY6Il90b2tlbiI7czo0MDoiWFFmTm1sYXpCTkx3bTNrTUJybk04aGswUnZLYWtYWEhocjk5VmtpeCI7czo5OiJfcHJldmlvdXMiO2E6MTp7czozOiJ1cmwiO3M6MzI6Imh0dHA6Ly9sb2NhbGhvc3Qvc3VtbWl0L2FwaS9jYXJ0Ijt9czo2OiJfZmxhc2giO2E6Mjp7czozOiJvbGQiO2E6MDp7fXM6MzoibmV3IjthOjA6e319fQ==', 1760091913),
('4u1VHWz0dT5KFJXzaZaZIIgdXSqW5Wa5kNqNn7ie', NULL, '127.0.0.1', 'Mozilla/5.0 (Windows NT 10.0; Win64; x64; rv:143.0) Gecko/20100101 Firefox/143.0', 'YTozOntzOjY6Il90b2tlbiI7czo0MDoiVHdSTEo0Ym02cmY3c3JKdHAzSFRZdUhOTXBMMlZnS1U2RnJlT3NFaiI7czo5OiJfcHJldmlvdXMiO2E6MTp7czozOiJ1cmwiO3M6Njg6Imh0dHA6Ly9sb2NhbGhvc3Qvc3VtbWl0L2FwaS9wcm9kdWN0cy9zdW1taXQtb3V0ZXJsaWQtY29tYmlwYWNrLXByaW1lIjt9czo2OiJfZmxhc2giO2E6Mjp7czozOiJvbGQiO2E6MDp7fXM6MzoibmV3IjthOjA6e319fQ==', 1760101014),
('59tSsUL2iJxbmb50Fay2RZoDwordCyQdED1IvnvE', NULL, '127.0.0.1', 'Mozilla/5.0 (Windows NT 10.0; Win64; x64; rv:143.0) Gecko/20100101 Firefox/143.0', 'YTozOntzOjY6Il90b2tlbiI7czo0MDoidFZyQjJ3YTRqUHJvZWtzYVZmNHg2RERYcUF1NmVySHhKR1ZiZEN6cCI7czo5OiJfcHJldmlvdXMiO2E6MTp7czozOiJ1cmwiO3M6MzI6Imh0dHA6Ly9sb2NhbGhvc3Qvc3VtbWl0L2FwaS9jYXJ0Ijt9czo2OiJfZmxhc2giO2E6Mjp7czozOiJvbGQiO2E6MDp7fXM6MzoibmV3IjthOjA6e319fQ==', 1760091826),
('64dtwh12Ts5VVjw0a6YoFxZ88yvSVxrFpw3yyogj', NULL, '127.0.0.1', 'Mozilla/5.0 (Windows NT 10.0; Win64; x64; rv:143.0) Gecko/20100101 Firefox/143.0', 'YTozOntzOjY6Il90b2tlbiI7czo0MDoiYlh0V1lhVUdxUnJtemVDd3BaVVpxYlBiTWVNanFyTVRGVmxWUFZXdCI7czo5OiJfcHJldmlvdXMiO2E6MTp7czozOiJ1cmwiO3M6ODc6Imh0dHA6Ly9sb2NhbGhvc3Qvc3VtbWl0L2FwaS9wcm9kdWN0cy9zdW1taXQtYWx1bWluaXVtLW91dGVyLWxpZC1wcmVzc3VyZS1jb29rZXItc3VwcmVtZSI7fXM6NjoiX2ZsYXNoIjthOjI6e3M6Mzoib2xkIjthOjA6e31zOjM6Im5ldyI7YTowOnt9fX0=', 1760100946),
('6IbEyPtsxuujxSdE4G0jvAnPUbvth1ruiM2jO3Jr', NULL, '127.0.0.1', 'Mozilla/5.0 (Windows NT 10.0; Win64; x64; rv:143.0) Gecko/20100101 Firefox/143.0', 'YTozOntzOjY6Il90b2tlbiI7czo0MDoiZjlZMDgxeTZYYnluMVRkUkF2RVRRd1FWZWQ2b2V6Q3k4aVlrZEhJNSI7czo5OiJfcHJldmlvdXMiO2E6MTp7czozOiJ1cmwiO3M6MzI6Imh0dHA6Ly9sb2NhbGhvc3Qvc3VtbWl0L2FwaS9jYXJ0Ijt9czo2OiJfZmxhc2giO2E6Mjp7czozOiJvbGQiO2E6MDp7fXM6MzoibmV3IjthOjA6e319fQ==', 1760091735),
('6NxekGXazQ1RVsmifOzm553ZJlXQn22KKG4KElfQ', NULL, '127.0.0.1', 'Mozilla/5.0 (Windows NT 10.0; Win64; x64; rv:143.0) Gecko/20100101 Firefox/143.0', 'YTozOntzOjY6Il90b2tlbiI7czo0MDoiak1WWkpabTRpUjRYeDBCV3dmeDh2d2k1WVZtcXRZejhYdkRnTUJoeSI7czo5OiJfcHJldmlvdXMiO2E6MTp7czozOiJ1cmwiO3M6MzI6Imh0dHA6Ly9sb2NhbGhvc3Qvc3VtbWl0L2FwaS9jYXJ0Ijt9czo2OiJfZmxhc2giO2E6Mjp7czozOiJvbGQiO2E6MDp7fXM6MzoibmV3IjthOjA6e319fQ==', 1760091908),
('aGx83JOO89ADKyvdEHBMWqdYB94nhXP8hCrqMl8q', NULL, '127.0.0.1', 'Mozilla/5.0 (Windows NT 10.0; Win64; x64; rv:143.0) Gecko/20100101 Firefox/143.0', 'YTozOntzOjY6Il90b2tlbiI7czo0MDoiMmxiemVtS1lqOTczNWlHNm1tc1N3c3htUTZSYnNBbWZIelNtQ3prYyI7czo5OiJfcHJldmlvdXMiO2E6MTp7czozOiJ1cmwiO3M6ODc6Imh0dHA6Ly9sb2NhbGhvc3Qvc3VtbWl0L2FwaS9wcm9kdWN0cy9zdW1taXQtYWx1bWluaXVtLW91dGVyLWxpZC1wcmVzc3VyZS1jb29rZXItc3VwcmVtZSI7fXM6NjoiX2ZsYXNoIjthOjI6e3M6Mzoib2xkIjthOjA6e31zOjM6Im5ldyI7YTowOnt9fX0=', 1760101019),
('aJIVZ0ZxHJ7fMooXL4YteMZC34RWeS7dcyEXY1JG', NULL, '127.0.0.1', 'Mozilla/5.0 (Windows NT 10.0; Win64; x64; rv:143.0) Gecko/20100101 Firefox/143.0', 'YTozOntzOjY6Il90b2tlbiI7czo0MDoiZ25lYmV5bk9QN1JzcGpnM3FVV2dQTkwwRnJ0WnE4N1ZJMGVDZnYwZyI7czo5OiJfcHJldmlvdXMiO2E6MTp7czozOiJ1cmwiO3M6NTI6Imh0dHA6Ly9sb2NhbGhvc3Qvc3VtbWl0L2FwaS9wcm9kdWN0cy9zdW1taXQtb3V0ZXJsaWQiO31zOjY6Il9mbGFzaCI7YToyOntzOjM6Im9sZCI7YTowOnt9czozOiJuZXciO2E6MDp7fX19', 1760095401),
('aRvz8AVE7SeW16yO6XGXQnkg1UMAYEpf3pEx1xv5', NULL, '127.0.0.1', 'Mozilla/5.0 (Windows NT 10.0; Win64; x64; rv:143.0) Gecko/20100101 Firefox/143.0', 'YTozOntzOjY6Il90b2tlbiI7czo0MDoiUHJmM0Rpa2F0TlpLamxFdElNN0pyaE5VdGE4dlIydlpHUVB4SUxGeSI7czo5OiJfcHJldmlvdXMiO2E6MTp7czozOiJ1cmwiO3M6NTI6Imh0dHA6Ly9sb2NhbGhvc3Qvc3VtbWl0L2FwaS9wcm9kdWN0cy9zdW1taXQtb3V0ZXJsaWQiO31zOjY6Il9mbGFzaCI7YToyOntzOjM6Im9sZCI7YTowOnt9czozOiJuZXciO2E6MDp7fX19', 1760098420),
('blcDrf7kqBULrsSRluOCCF9ztsISw6zZ5ZzlS4kl', NULL, '127.0.0.1', 'Mozilla/5.0 (Windows NT 10.0; Win64; x64; rv:143.0) Gecko/20100101 Firefox/143.0', 'YTozOntzOjY6Il90b2tlbiI7czo0MDoiVkVDd2tRTkhta3MwaUxqWHE4ZkVrekU5azU1dURJVXlEaVhhcEVZTCI7czo5OiJfcHJldmlvdXMiO2E6MTp7czozOiJ1cmwiO3M6MzI6Imh0dHA6Ly9sb2NhbGhvc3Qvc3VtbWl0L2FwaS9jYXJ0Ijt9czo2OiJfZmxhc2giO2E6Mjp7czozOiJvbGQiO2E6MDp7fXM6MzoibmV3IjthOjA6e319fQ==', 1760092000),
('BOrGVes64KZzXykhSJZPyRCnpoNtkh7vh7Muswun', NULL, '127.0.0.1', 'Mozilla/5.0 (Windows NT 10.0; Win64; x64; rv:143.0) Gecko/20100101 Firefox/143.0', 'YTozOntzOjY6Il90b2tlbiI7czo0MDoiQ0VzU296WWhkb2RIQm9qa3VIT3FldjFBWkVvcXNYeW85ZVhEbGZqQiI7czo5OiJfcHJldmlvdXMiO2E6MTp7czozOiJ1cmwiO3M6NTI6Imh0dHA6Ly9sb2NhbGhvc3Qvc3VtbWl0L2FwaS9wcm9kdWN0cy9zdW1taXQtb3V0ZXJsaWQiO31zOjY6Il9mbGFzaCI7YToyOntzOjM6Im9sZCI7YTowOnt9czozOiJuZXciO2E6MDp7fX19', 1760095926),
('ckI4BYmYHBmAJgcdTedUWgniixQovvcmuKkkkhqf', NULL, '127.0.0.1', 'Mozilla/5.0 (Windows NT 10.0; Win64; x64; rv:143.0) Gecko/20100101 Firefox/143.0', 'YTozOntzOjY6Il90b2tlbiI7czo0MDoiM2NkS3hjbWJZM1AxVDZ5MWhhSkNZV3dUTnJZTzBiTTFUd3RYVHR0UCI7czo5OiJfcHJldmlvdXMiO2E6MTp7czozOiJ1cmwiO3M6Njg6Imh0dHA6Ly9sb2NhbGhvc3Qvc3VtbWl0L2FwaS9wcm9kdWN0cy9zdW1taXQtb3V0ZXJsaWQtY29tYmlwYWNrLXByaW1lIjt9czo2OiJfZmxhc2giO2E6Mjp7czozOiJvbGQiO2E6MDp7fXM6MzoibmV3IjthOjA6e319fQ==', 1760095664),
('cr1gNHILQlysqdY9ngKgKYUKzvwWJGZ6n5FVVDpM', NULL, '127.0.0.1', 'Mozilla/5.0 (Windows NT 10.0; Win64; x64; rv:143.0) Gecko/20100101 Firefox/143.0', 'YTozOntzOjY6Il90b2tlbiI7czo0MDoiV2lhU0lrcnI5OWY4ajN4VEJ4WXNYc1hnM1BlN2x5d3c1TkNJU3FXbyI7czo5OiJfcHJldmlvdXMiO2E6MTp7czozOiJ1cmwiO3M6MzI6Imh0dHA6Ly9sb2NhbGhvc3Qvc3VtbWl0L2FwaS9jYXJ0Ijt9czo2OiJfZmxhc2giO2E6Mjp7czozOiJvbGQiO2E6MDp7fXM6MzoibmV3IjthOjA6e319fQ==', 1760091773),
('CwiLZf5oItArBkS7t9NX4SQ9xHfS2BWQ8i15X9dS', NULL, '127.0.0.1', 'Mozilla/5.0 (Windows NT 10.0; Win64; x64; rv:143.0) Gecko/20100101 Firefox/143.0', 'YTozOntzOjY6Il90b2tlbiI7czo0MDoiMERPbEhiVkRUNEVxOWJocDdlaGdMWFh3TThZMkUwUEVQNGh4NURwYiI7czo5OiJfcHJldmlvdXMiO2E6MTp7czozOiJ1cmwiO3M6MzI6Imh0dHA6Ly9sb2NhbGhvc3Qvc3VtbWl0L2FwaS9jYXJ0Ijt9czo2OiJfZmxhc2giO2E6Mjp7czozOiJvbGQiO2E6MDp7fXM6MzoibmV3IjthOjA6e319fQ==', 1760091908),
('dcpRfqbhmbmv6kCfKfPQDp86svjsUiOvKPbdPvb3', NULL, '127.0.0.1', 'Mozilla/5.0 (Windows NT 10.0; Win64; x64; rv:143.0) Gecko/20100101 Firefox/143.0', 'YTozOntzOjY6Il90b2tlbiI7czo0MDoibVhDd3diR1lEZHhlV2lkVW9Ja0FCV3p4UWNJWVBrQnV6ZXF3SzRGTCI7czo5OiJfcHJldmlvdXMiO2E6MTp7czozOiJ1cmwiO3M6Njg6Imh0dHA6Ly9sb2NhbGhvc3Qvc3VtbWl0L2FwaS9wcm9kdWN0cy9zdW1taXQtb3V0ZXJsaWQtY29tYmlwYWNrLXByaW1lIjt9czo2OiJfZmxhc2giO2E6Mjp7czozOiJvbGQiO2E6MDp7fXM6MzoibmV3IjthOjA6e319fQ==', 1760095570),
('dztFrZeG68SifcVOJgKARYfrkH99VMv57nSqvHJC', NULL, '127.0.0.1', 'Mozilla/5.0 (Windows NT 10.0; Win64; x64; rv:143.0) Gecko/20100101 Firefox/143.0', 'YTozOntzOjY6Il90b2tlbiI7czo0MDoiSnRLc1RDZWhkTFFhTWh0QjFqM1hGd29lZWFtNklSWGk0bzl6RUI3OSI7czo5OiJfcHJldmlvdXMiO2E6MTp7czozOiJ1cmwiO3M6MzI6Imh0dHA6Ly9sb2NhbGhvc3Qvc3VtbWl0L2FwaS9jYXJ0Ijt9czo2OiJfZmxhc2giO2E6Mjp7czozOiJvbGQiO2E6MDp7fXM6MzoibmV3IjthOjA6e319fQ==', 1760091825),
('EAfzj35L3M2jI6GXIDmNGlAY3w6ph1xIQr7osgEy', NULL, '127.0.0.1', 'Mozilla/5.0 (Windows NT 10.0; Win64; x64; rv:143.0) Gecko/20100101 Firefox/143.0', 'YTozOntzOjY6Il90b2tlbiI7czo0MDoiMllqVjM3ckxSR21qMDRsd1Y5QlBlaGVuRTl0aVJmdE5PWndzTWN1OCI7czo5OiJfcHJldmlvdXMiO2E6MTp7czozOiJ1cmwiO3M6MzI6Imh0dHA6Ly9sb2NhbGhvc3Qvc3VtbWl0L2FwaS9jYXJ0Ijt9czo2OiJfZmxhc2giO2E6Mjp7czozOiJvbGQiO2E6MDp7fXM6MzoibmV3IjthOjA6e319fQ==', 1760091475),
('ecqmBDKnmbb1lXMOkdXninbdlwq2az3z6uFtCsRK', NULL, '127.0.0.1', 'Mozilla/5.0 (Windows NT 10.0; Win64; x64; rv:143.0) Gecko/20100101 Firefox/143.0', 'YTozOntzOjY6Il90b2tlbiI7czo0MDoiemN1YXVOY3R2TElweHVVRVFpUWtERktoZFNobTNuaGRTSXA2VTd3dSI7czo5OiJfcHJldmlvdXMiO2E6MTp7czozOiJ1cmwiO3M6NTI6Imh0dHA6Ly9sb2NhbGhvc3Qvc3VtbWl0L2FwaS9wcm9kdWN0cy9zdW1taXQtb3V0ZXJsaWQiO31zOjY6Il9mbGFzaCI7YToyOntzOjM6Im9sZCI7YTowOnt9czozOiJuZXciO2E6MDp7fX19', 1760095995),
('eEEvQ4WQxIVhETntXotkHBHedG7xYyHsq2ryAQeu', NULL, '127.0.0.1', 'Mozilla/5.0 (Windows NT 10.0; Win64; x64; rv:143.0) Gecko/20100101 Firefox/143.0', 'YTozOntzOjY6Il90b2tlbiI7czo0MDoiNnZQMEZQdmxiY2FEUklEaDZCNDdmdnY2MkFkblRkemRURmhpRm82RSI7czo5OiJfcHJldmlvdXMiO2E6MTp7czozOiJ1cmwiO3M6MzI6Imh0dHA6Ly9sb2NhbGhvc3Qvc3VtbWl0L2FwaS9jYXJ0Ijt9czo2OiJfZmxhc2giO2E6Mjp7czozOiJvbGQiO2E6MDp7fXM6MzoibmV3IjthOjA6e319fQ==', 1760091448),
('efJcluV5j3SYAhLx5jjbq7NJ7ySK3QhDkiRzI027', NULL, '127.0.0.1', 'Mozilla/5.0 (Windows NT 10.0; Win64; x64; rv:143.0) Gecko/20100101 Firefox/143.0', 'YTozOntzOjY6Il90b2tlbiI7czo0MDoiTzllZndFQ3l6cFF1TTJ6WG1ETmVPaG9sTmtFTzNpNEpzRnRGT2JNMSI7czo5OiJfcHJldmlvdXMiO2E6MTp7czozOiJ1cmwiO3M6Njg6Imh0dHA6Ly9sb2NhbGhvc3Qvc3VtbWl0L2FwaS9wcm9kdWN0cy9zdW1taXQtb3V0ZXJsaWQtY29tYmlwYWNrLXByaW1lIjt9czo2OiJfZmxhc2giO2E6Mjp7czozOiJvbGQiO2E6MDp7fXM6MzoibmV3IjthOjA6e319fQ==', 1760095538),
('EguNTM36ntKPDABC3drdIITK0GWnDhBrdcmM1Qk5', NULL, '127.0.0.1', 'Mozilla/5.0 (Windows NT 10.0; Win64; x64; rv:143.0) Gecko/20100101 Firefox/143.0', 'YTozOntzOjY6Il90b2tlbiI7czo0MDoiQ21oZGl5MnBWaVVLeFNqVkFOYUJ4WThkSVJjeVVMRXBLZkVDUVFRMyI7czo5OiJfcHJldmlvdXMiO2E6MTp7czozOiJ1cmwiO3M6NTI6Imh0dHA6Ly9sb2NhbGhvc3Qvc3VtbWl0L2FwaS9wcm9kdWN0cy9zdW1taXQtb3V0ZXJsaWQiO31zOjY6Il9mbGFzaCI7YToyOntzOjM6Im9sZCI7YTowOnt9czozOiJuZXciO2E6MDp7fX19', 1760100943),
('Eo0p7CV3Fi9N4Ack0JoFKDhDI8xTPIbLZsWmsLkP', NULL, '127.0.0.1', 'Mozilla/5.0 (Windows NT 10.0; Win64; x64; rv:143.0) Gecko/20100101 Firefox/143.0', 'YTozOntzOjY6Il90b2tlbiI7czo0MDoiN3hDeEZYVlc1bjBvSTJoaHJPVmNWbm1LYVZWaXpEWjNIcjVjVEpnUyI7czo5OiJfcHJldmlvdXMiO2E6MTp7czozOiJ1cmwiO3M6NTI6Imh0dHA6Ly9sb2NhbGhvc3Qvc3VtbWl0L2FwaS9wcm9kdWN0cy9zdW1taXQtb3V0ZXJsaWQiO31zOjY6Il9mbGFzaCI7YToyOntzOjM6Im9sZCI7YTowOnt9czozOiJuZXciO2E6MDp7fX19', 1760096109),
('fA9NKc3rbnNSbL2vumAC42DIDHOishACZoQIELB0', NULL, '127.0.0.1', 'Mozilla/5.0 (Windows NT 10.0; Win64; x64; rv:143.0) Gecko/20100101 Firefox/143.0', 'YTozOntzOjY6Il90b2tlbiI7czo0MDoieExTVks3VWZ3eGpQWTN3MHhFbmdlaVJYemxSYVpId2xSYWlnVFZhUCI7czo5OiJfcHJldmlvdXMiO2E6MTp7czozOiJ1cmwiO3M6MzI6Imh0dHA6Ly9sb2NhbGhvc3Qvc3VtbWl0L2FwaS9jYXJ0Ijt9czo2OiJfZmxhc2giO2E6Mjp7czozOiJvbGQiO2E6MDp7fXM6MzoibmV3IjthOjA6e319fQ==', 1760092000),
('FVaaIxseXNk3R8UtBQF9UGjLm74e9kh7n4cHF0fp', NULL, '127.0.0.1', 'Mozilla/5.0 (Windows NT 10.0; Win64; x64; rv:143.0) Gecko/20100101 Firefox/143.0', 'YTozOntzOjY6Il90b2tlbiI7czo0MDoid3hrTzM3b3NuRDUwcXN0UVd5c2hDZTM1Ym9XeFVHMzMzYnBMMmJ2RCI7czo5OiJfcHJldmlvdXMiO2E6MTp7czozOiJ1cmwiO3M6ODc6Imh0dHA6Ly9sb2NhbGhvc3Qvc3VtbWl0L2FwaS9wcm9kdWN0cy9zdW1taXQtYWx1bWluaXVtLW91dGVyLWxpZC1wcmVzc3VyZS1jb29rZXItc3VwcmVtZSI7fXM6NjoiX2ZsYXNoIjthOjI6e3M6Mzoib2xkIjthOjA6e31zOjM6Im5ldyI7YTowOnt9fX0=', 1760100246),
('gDAZgBlAqjju6WGjxi9kXVMJHIo0UP6FiDCBJk5m', NULL, '127.0.0.1', 'Mozilla/5.0 (Windows NT 10.0; Win64; x64; rv:143.0) Gecko/20100101 Firefox/143.0', 'YTozOntzOjY6Il90b2tlbiI7czo0MDoiVUxVdVZrNVNaNTBWZ2hxZ0ljOTRnUzBsM2ZJWmJCZmw2R2lMSFRYaSI7czo5OiJfcHJldmlvdXMiO2E6MTp7czozOiJ1cmwiO3M6NTI6Imh0dHA6Ly9sb2NhbGhvc3Qvc3VtbWl0L2FwaS9wcm9kdWN0cy9zdW1taXQtb3V0ZXJsaWQiO31zOjY6Il9mbGFzaCI7YToyOntzOjM6Im9sZCI7YTowOnt9czozOiJuZXciO2E6MDp7fX19', 1760092074),
('GGjv1tqxze2rzrvGB0cEQh7j9HlLqTpICwO70lJh', NULL, '127.0.0.1', 'Mozilla/5.0 (Windows NT 10.0; Win64; x64; rv:143.0) Gecko/20100101 Firefox/143.0', 'YTozOntzOjY6Il90b2tlbiI7czo0MDoielViVzNzVm1PN1lmdzFtM1RnNTVnWExrVWd0cTk5WTRLSGdwZ3UySCI7czo5OiJfcHJldmlvdXMiO2E6MTp7czozOiJ1cmwiO3M6NTI6Imh0dHA6Ly9sb2NhbGhvc3Qvc3VtbWl0L2FwaS9wcm9kdWN0cy9zdW1taXQtb3V0ZXJsaWQiO31zOjY6Il9mbGFzaCI7YToyOntzOjM6Im9sZCI7YTowOnt9czozOiJuZXciO2E6MDp7fX19', 1760096395),
('giRDL9xr1e509cszeyp3zGwSNiNYLfpR1hjQS6iE', NULL, '::1', 'Mozilla/5.0 (Windows NT 10.0; Win64; x64) AppleWebKit/537.36 (KHTML, like Gecko) Chrome/141.0.0.0 Safari/537.36', 'YTozOntzOjY6Il90b2tlbiI7czo0MDoiTEdManVsTUZ1OEt6RmVVdEdOV25ZZTNhblFzSG5FUU1QczhsVG9uOCI7czo5OiJfcHJldmlvdXMiO2E6MTp7czozOiJ1cmwiO3M6NTI6Imh0dHA6Ly9sb2NhbGhvc3Qvc3VtbWl0L2FwaS9wcm9kdWN0cy9zdW1taXQtb3V0ZXJsaWQiO31zOjY6Il9mbGFzaCI7YToyOntzOjM6Im9sZCI7YTowOnt9czozOiJuZXciO2E6MDp7fX19', 1760096340),
('Gost2x7nQvg07xkhb8zbyExKRkT1t4q4pa4WEZoU', NULL, '::1', 'Mozilla/5.0 (Windows NT 10.0; Win64; x64) AppleWebKit/537.36 (KHTML, like Gecko) Chrome/141.0.0.0 Safari/537.36', 'YTozOntzOjY6Il90b2tlbiI7czo0MDoib3E3eGNGc3VhNThsYzNsUktweDIyazFBdGkxWFVKVVVrVmUxb1BNOCI7czo5OiJfcHJldmlvdXMiO2E6MTp7czozOiJ1cmwiO3M6NTI6Imh0dHA6Ly9sb2NhbGhvc3Qvc3VtbWl0L2FwaS9wcm9kdWN0cy9zdW1taXQtb3V0ZXJsaWQiO31zOjY6Il9mbGFzaCI7YToyOntzOjM6Im9sZCI7YTowOnt9czozOiJuZXciO2E6MDp7fX19', 1760092192),
('GStXr9eBdZHJIlvy9PEo4AOvpLqDxeh3YMNVISsk', NULL, '127.0.0.1', 'Mozilla/5.0 (Windows NT 10.0; Win64; x64; rv:143.0) Gecko/20100101 Firefox/143.0', 'YTozOntzOjY6Il90b2tlbiI7czo0MDoibm15ajZ0WTZzMHFBZ05tSVBxM0oxc0RLMG9hZlFHY0FYOFdoYTlJZyI7czo5OiJfcHJldmlvdXMiO2E6MTp7czozOiJ1cmwiO3M6NTI6Imh0dHA6Ly9sb2NhbGhvc3Qvc3VtbWl0L2FwaS9wcm9kdWN0cy9zdW1taXQtb3V0ZXJsaWQiO31zOjY6Il9mbGFzaCI7YToyOntzOjM6Im9sZCI7YTowOnt9czozOiJuZXciO2E6MDp7fX19', 1760096421),
('H3M00hgyxn6uWeRZekxi3AHDrDiLJPKVMyBuQmu4', NULL, '127.0.0.1', 'Mozilla/5.0 (Windows NT 10.0; Win64; x64; rv:143.0) Gecko/20100101 Firefox/143.0', 'YTozOntzOjY6Il90b2tlbiI7czo0MDoiRXRqNzZXdXpKQm12MW40QUViWmw1RTZPUHdMWkxqSHZPZk5JcEJpSiI7czo5OiJfcHJldmlvdXMiO2E6MTp7czozOiJ1cmwiO3M6MzI6Imh0dHA6Ly9sb2NhbGhvc3Qvc3VtbWl0L2FwaS9jYXJ0Ijt9czo2OiJfZmxhc2giO2E6Mjp7czozOiJvbGQiO2E6MDp7fXM6MzoibmV3IjthOjA6e319fQ==', 1760091756),
('h8sfZT5yOoh98MDmfdy2YAffZtvunQwTTiJam4OW', NULL, '127.0.0.1', 'Mozilla/5.0 (Windows NT 10.0; Win64; x64; rv:143.0) Gecko/20100101 Firefox/143.0', 'YTozOntzOjY6Il90b2tlbiI7czo0MDoiNkl3R0N1M3cyQ2dwcm1RMjNHOTlVVHAwT2k3cGJ2Ym00ZUQxeVNxOCI7czo5OiJfcHJldmlvdXMiO2E6MTp7czozOiJ1cmwiO3M6MzI6Imh0dHA6Ly9sb2NhbGhvc3Qvc3VtbWl0L2FwaS9jYXJ0Ijt9czo2OiJfZmxhc2giO2E6Mjp7czozOiJvbGQiO2E6MDp7fXM6MzoibmV3IjthOjA6e319fQ==', 1760091422),
('HACdOqOoFkzZ7uFaqMstaMPtNol4BCQkqTCj3VBc', NULL, '127.0.0.1', 'Mozilla/5.0 (Windows NT 10.0; Win64; x64; rv:143.0) Gecko/20100101 Firefox/143.0', 'YTozOntzOjY6Il90b2tlbiI7czo0MDoiV2J3ZFAzS0hvT1ZIMzZ2ck1XWWZidHNuZmRnRG1pOEtTT2pCd2pEciI7czo5OiJfcHJldmlvdXMiO2E6MTp7czozOiJ1cmwiO3M6MzI6Imh0dHA6Ly9sb2NhbGhvc3Qvc3VtbWl0L2FwaS9jYXJ0Ijt9czo2OiJfZmxhc2giO2E6Mjp7czozOiJvbGQiO2E6MDp7fXM6MzoibmV3IjthOjA6e319fQ==', 1760091902),
('hDPSsuvob4QjYQN2chtXJGm2vdFOuvDESEtTtCGm', NULL, '127.0.0.1', 'Mozilla/5.0 (Windows NT 10.0; Win64; x64; rv:143.0) Gecko/20100101 Firefox/143.0', 'YTozOntzOjY6Il90b2tlbiI7czo0MDoiTDVxWm9VVGIyVG80T3M3TXk4RVlEVjdTQlRJUmU2OU9TWndWNjFGYSI7czo5OiJfcHJldmlvdXMiO2E6MTp7czozOiJ1cmwiO3M6NTI6Imh0dHA6Ly9sb2NhbGhvc3Qvc3VtbWl0L2FwaS9wcm9kdWN0cy9zdW1taXQtb3V0ZXJsaWQiO31zOjY6Il9mbGFzaCI7YToyOntzOjM6Im9sZCI7YTowOnt9czozOiJuZXciO2E6MDp7fX19', 1760096242),
('HkEX2tvT09GUmLc9qjfcPmKg7PAffFici7mZBZ4F', NULL, '::1', 'Mozilla/5.0 (Windows NT 10.0; Win64; x64) AppleWebKit/537.36 (KHTML, like Gecko) Chrome/141.0.0.0 Safari/537.36', 'YTozOntzOjY6Il90b2tlbiI7czo0MDoielhYOURMR0xta2ZiQWU3bFcxTFFiMzU1MnNRcDc1SDlTaGExbjRBdSI7czo5OiJfcHJldmlvdXMiO2E6MTp7czozOiJ1cmwiO3M6NTI6Imh0dHA6Ly9sb2NhbGhvc3Qvc3VtbWl0L2FwaS9wcm9kdWN0cy9zdW1taXQtb3V0ZXJsaWQiO31zOjY6Il9mbGFzaCI7YToyOntzOjM6Im9sZCI7YTowOnt9czozOiJuZXciO2E6MDp7fX19', 1760096260),
('Hq5yQElEvvyzvhAxN3eVFZGYdtv3fkTacmySAyGA', NULL, '127.0.0.1', 'Mozilla/5.0 (Windows NT 10.0; Win64; x64; rv:143.0) Gecko/20100101 Firefox/143.0', 'YTozOntzOjY6Il90b2tlbiI7czo0MDoibDczYUlCc0dlSzFKOFFQOUdXeDhpelQ1ZjFCQVB0cTZabzJESXVSViI7czo5OiJfcHJldmlvdXMiO2E6MTp7czozOiJ1cmwiO3M6NTI6Imh0dHA6Ly9sb2NhbGhvc3Qvc3VtbWl0L2FwaS9wcm9kdWN0cy9zdW1taXQtb3V0ZXJsaWQiO31zOjY6Il9mbGFzaCI7YToyOntzOjM6Im9sZCI7YTowOnt9czozOiJuZXciO2E6MDp7fX19', 1760099800),
('hwbH09NWlCKEoBDx2IyGA75uBItsQjkdsuyD0d1V', NULL, '127.0.0.1', 'Mozilla/5.0 (Windows NT 10.0; Win64; x64; rv:143.0) Gecko/20100101 Firefox/143.0', 'YTozOntzOjY6Il90b2tlbiI7czo0MDoiYkhEQkJqUUF4MFl1emc2Y3ZXQzh4VUVvTnlueGxUVHFZMG1DTFYyeiI7czo5OiJfcHJldmlvdXMiO2E6MTp7czozOiJ1cmwiO3M6Njg6Imh0dHA6Ly9sb2NhbGhvc3Qvc3VtbWl0L2FwaS9wcm9kdWN0cy9zdW1taXQtb3V0ZXJsaWQtY29tYmlwYWNrLXByaW1lIjt9czo2OiJfZmxhc2giO2E6Mjp7czozOiJvbGQiO2E6MDp7fXM6MzoibmV3IjthOjA6e319fQ==', 1760095650),
('IMiiFdgaYd0vVALp9Ghxu4zvnU9sJbI6kEKZtjCU', NULL, '::1', 'Mozilla/5.0 (Windows NT 10.0; Win64; x64) AppleWebKit/537.36 (KHTML, like Gecko) Chrome/141.0.0.0 Safari/537.36', 'YTozOntzOjY6Il90b2tlbiI7czo0MDoiWU5UdldlUlBGSVRac2VWVElIcnpndHVuak45TFFaNlIyZWtpUHliWSI7czo5OiJfcHJldmlvdXMiO2E6MTp7czozOiJ1cmwiO3M6NTI6Imh0dHA6Ly9sb2NhbGhvc3Qvc3VtbWl0L2FwaS9wcm9kdWN0cy9zdW1taXQtb3V0ZXJsaWQiO31zOjY6Il9mbGFzaCI7YToyOntzOjM6Im9sZCI7YTowOnt9czozOiJuZXciO2E6MDp7fX19', 1760095993),
('iUBxnFVhzJLRlrm7guc9Tn8ZjuO2xggrCsPMHKjY', NULL, '127.0.0.1', 'Mozilla/5.0 (Windows NT 10.0; Win64; x64; rv:143.0) Gecko/20100101 Firefox/143.0', 'YTozOntzOjY6Il90b2tlbiI7czo0MDoiUWFWM3hSSmtPRHMzVm9ESjFQUncxVTBxRlhDRFJuVU5uMG9PSkQzSyI7czo5OiJfcHJldmlvdXMiO2E6MTp7czozOiJ1cmwiO3M6NTI6Imh0dHA6Ly9sb2NhbGhvc3Qvc3VtbWl0L2FwaS9wcm9kdWN0cy9zdW1taXQtb3V0ZXJsaWQiO31zOjY6Il9mbGFzaCI7YToyOntzOjM6Im9sZCI7YTowOnt9czozOiJuZXciO2E6MDp7fX19', 1760095719),
('IWrBx8fRNBfimmfKYFkrnNWu9cx2dxaubxQzHEEz', NULL, '127.0.0.1', 'Mozilla/5.0 (Windows NT 10.0; Win64; x64; rv:143.0) Gecko/20100101 Firefox/143.0', 'YTozOntzOjY6Il90b2tlbiI7czo0MDoiS2pXV3lTaFVJWElVeDgyQUNKWmZacU1BQVBsaHJzY2lLTUdlczF0ViI7czo5OiJfcHJldmlvdXMiO2E6MTp7czozOiJ1cmwiO3M6MzI6Imh0dHA6Ly9sb2NhbGhvc3Qvc3VtbWl0L2FwaS9jYXJ0Ijt9czo2OiJfZmxhc2giO2E6Mjp7czozOiJvbGQiO2E6MDp7fXM6MzoibmV3IjthOjA6e319fQ==', 1760091854),
('J5wBts4Tzs4bJEbjhGYTz0lPTHNsnsV2xmNL9EgX', NULL, '127.0.0.1', 'Mozilla/5.0 (Windows NT 10.0; Win64; x64; rv:143.0) Gecko/20100101 Firefox/143.0', 'YTozOntzOjY6Il90b2tlbiI7czo0MDoic000NkRnUk5ETXVPcTJaQUQ1MTZiYjdHRWdmTlh3R1VFYVlvQkxZOSI7czo5OiJfcHJldmlvdXMiO2E6MTp7czozOiJ1cmwiO3M6MzI6Imh0dHA6Ly9sb2NhbGhvc3Qvc3VtbWl0L2FwaS9jYXJ0Ijt9czo2OiJfZmxhc2giO2E6Mjp7czozOiJvbGQiO2E6MDp7fXM6MzoibmV3IjthOjA6e319fQ==', 1760091721),
('jm39jf385d0DwTmzmOZXzEXGS7hdM2CiqJyEU0JO', NULL, '::1', 'Mozilla/5.0 (Windows NT 10.0; Win64; x64) AppleWebKit/537.36 (KHTML, like Gecko) Chrome/141.0.0.0 Safari/537.36', 'YTozOntzOjY6Il90b2tlbiI7czo0MDoiRUNoTnRQZVMzTzZvZUpySWpTeThVWmNIR2xqa1NJOVk3QkhNQkp2ZyI7czo5OiJfcHJldmlvdXMiO2E6MTp7czozOiJ1cmwiO3M6NTI6Imh0dHA6Ly9sb2NhbGhvc3Qvc3VtbWl0L2FwaS9wcm9kdWN0cy9zdW1taXQtb3V0ZXJsaWQiO31zOjY6Il9mbGFzaCI7YToyOntzOjM6Im9sZCI7YTowOnt9czozOiJuZXciO2E6MDp7fX19', 1760096134),
('jpQgtzD8YPLtXwogWl1V6ERlLQwNnc3Zl4xAsvDV', NULL, '::1', 'Mozilla/5.0 (Windows NT 10.0; Win64; x64) AppleWebKit/537.36 (KHTML, like Gecko) Chrome/141.0.0.0 Safari/537.36', 'YTozOntzOjY6Il90b2tlbiI7czo0MDoid3VsR01mc3dsMU9hbTh0RURrZjZEVmpGS2hsdDFqaHJja052S1I2NSI7czo5OiJfcHJldmlvdXMiO2E6MTp7czozOiJ1cmwiO3M6NTI6Imh0dHA6Ly9sb2NhbGhvc3Qvc3VtbWl0L2FwaS9wcm9kdWN0cy9zdW1taXQtb3V0ZXJsaWQiO31zOjY6Il9mbGFzaCI7YToyOntzOjM6Im9sZCI7YTowOnt9czozOiJuZXciO2E6MDp7fX19', 1760095996),
('JpZXyqwxtWE6IIN1PRCi8Tvq0K9LWXhvC0eS7EDl', NULL, '127.0.0.1', 'Mozilla/5.0 (Windows NT 10.0; Win64; x64; rv:143.0) Gecko/20100101 Firefox/143.0', 'YTozOntzOjY6Il90b2tlbiI7czo0MDoiVkZxdHJ6VlBZUkRJVFB5OWp3MERPdjdFSG0wRkJHUzZOcllJMHljcCI7czo5OiJfcHJldmlvdXMiO2E6MTp7czozOiJ1cmwiO3M6NTI6Imh0dHA6Ly9sb2NhbGhvc3Qvc3VtbWl0L2FwaS9wcm9kdWN0cy9zdW1taXQtb3V0ZXJsaWQiO31zOjY6Il9mbGFzaCI7YToyOntzOjM6Im9sZCI7YTowOnt9czozOiJuZXciO2E6MDp7fX19', 1760096339),
('JQ4QCdCLzqdZ8SpGjgS1zQOfJz9FI23qhIa4xd1z', NULL, '127.0.0.1', 'Mozilla/5.0 (Windows NT 10.0; Win64; x64; rv:143.0) Gecko/20100101 Firefox/143.0', 'YTozOntzOjY6Il90b2tlbiI7czo0MDoiczhLUU5uUVFieUc5OEc2cjhPN3h3Z09UQmV6QjU5OHcwQUE0OWVmTyI7czo5OiJfcHJldmlvdXMiO2E6MTp7czozOiJ1cmwiO3M6MzI6Imh0dHA6Ly9sb2NhbGhvc3Qvc3VtbWl0L2FwaS9jYXJ0Ijt9czo2OiJfZmxhc2giO2E6Mjp7czozOiJvbGQiO2E6MDp7fXM6MzoibmV3IjthOjA6e319fQ==', 1760091871),
('JrB8t5X7vn67DDdjHdBwCQcOeT8W1GEWAZ2xIiYJ', NULL, '127.0.0.1', 'Mozilla/5.0 (Windows NT 10.0; Win64; x64; rv:143.0) Gecko/20100101 Firefox/143.0', 'YTozOntzOjY6Il90b2tlbiI7czo0MDoiZTlyTXA5eWxqYkl4clUyZm1qSzZwYVd3cUgzY3pEN2RIazFHQ1o4TCI7czo5OiJfcHJldmlvdXMiO2E6MTp7czozOiJ1cmwiO3M6Nzg6Imh0dHA6Ly9sb2NhbGhvc3Qvc3VtbWl0L2FwaS9wcm9kdWN0cy9zdW1taXQtb3V0ZXItbGlkLXByZXNzdXJlLWNvb2tlci11bHRpbWF0ZSI7fXM6NjoiX2ZsYXNoIjthOjI6e3M6Mzoib2xkIjthOjA6e31zOjM6Im5ldyI7YTowOnt9fX0=', 1760100928),
('K4W8hdxpuayyUaaTFOIBi2i8n4Dz1kg13w2Nh1qu', NULL, '127.0.0.1', 'Mozilla/5.0 (Windows NT 10.0; Win64; x64; rv:143.0) Gecko/20100101 Firefox/143.0', 'YTozOntzOjY6Il90b2tlbiI7czo0MDoianJ3UmVTM2liazUwWnZYbDBGZWE1TGYwSk55THoyZzRkcmxkTlpmdCI7czo5OiJfcHJldmlvdXMiO2E6MTp7czozOiJ1cmwiO3M6NTI6Imh0dHA6Ly9sb2NhbGhvc3Qvc3VtbWl0L2FwaS9wcm9kdWN0cy9zdW1taXQtb3V0ZXJsaWQiO31zOjY6Il9mbGFzaCI7YToyOntzOjM6Im9sZCI7YTowOnt9czozOiJuZXciO2E6MDp7fX19', 1760096338),
('kcmUBuPWgjgcMKJZ2qN564A2R5ipbW0NH48nZ5tT', NULL, '127.0.0.1', 'Mozilla/5.0 (Windows NT 10.0; Win64; x64; rv:143.0) Gecko/20100101 Firefox/143.0', 'YTozOntzOjY6Il90b2tlbiI7czo0MDoiMmlvUFF3SW5USkFXckZFMng1bkxHTER3RmxxZUJzNEZ4eTBHRENkcyI7czo5OiJfcHJldmlvdXMiO2E6MTp7czozOiJ1cmwiO3M6MzI6Imh0dHA6Ly9sb2NhbGhvc3Qvc3VtbWl0L2FwaS9jYXJ0Ijt9czo2OiJfZmxhc2giO2E6Mjp7czozOiJvbGQiO2E6MDp7fXM6MzoibmV3IjthOjA6e319fQ==', 1760091768),
('kmRfYCeAh4jw2N00QMxZRGo1VmROqOzbzSZQXPFc', NULL, '127.0.0.1', 'Mozilla/5.0 (Windows NT 10.0; Win64; x64; rv:143.0) Gecko/20100101 Firefox/143.0', 'YTozOntzOjY6Il90b2tlbiI7czo0MDoiY29ReVF3YXNrdklrYUVmdG9pelhBN3Z3Y0lFbUhoSUZFSkZudkFOOSI7czo5OiJfcHJldmlvdXMiO2E6MTp7czozOiJ1cmwiO3M6NTI6Imh0dHA6Ly9sb2NhbGhvc3Qvc3VtbWl0L2FwaS9wcm9kdWN0cy9zdW1taXQtb3V0ZXJsaWQiO31zOjY6Il9mbGFzaCI7YToyOntzOjM6Im9sZCI7YTowOnt9czozOiJuZXciO2E6MDp7fX19', 1760096394),
('kwtEFBn2j1zkjU0k3V4TtCnM2UtigNrPEUgqIcMG', NULL, '127.0.0.1', 'Mozilla/5.0 (Windows NT 10.0; Win64; x64; rv:143.0) Gecko/20100101 Firefox/143.0', 'YTozOntzOjY6Il90b2tlbiI7czo0MDoiaW9XVXlSQWNoSE1ONHo3dUNKS25za2ZnWGVmaFhYOFEyMndpYmdpSyI7czo5OiJfcHJldmlvdXMiO2E6MTp7czozOiJ1cmwiO3M6NTI6Imh0dHA6Ly9sb2NhbGhvc3Qvc3VtbWl0L2FwaS9wcm9kdWN0cy9zdW1taXQtb3V0ZXJsaWQiO31zOjY6Il9mbGFzaCI7YToyOntzOjM6Im9sZCI7YTowOnt9czozOiJuZXciO2E6MDp7fX19', 1760100231),
('kx6D3UvzZsMPeB2kTC6VeSMmf41cDFkt9at4e8eT', NULL, '127.0.0.1', 'Mozilla/5.0 (Windows NT 10.0; Win64; x64; rv:143.0) Gecko/20100101 Firefox/143.0', 'YTozOntzOjY6Il90b2tlbiI7czo0MDoiTjRGVnpRcnRUZGw2VE5pazZqVDZqc01VSnNodnBoRFlIMFZJa3VCRSI7czo5OiJfcHJldmlvdXMiO2E6MTp7czozOiJ1cmwiO3M6NTI6Imh0dHA6Ly9sb2NhbGhvc3Qvc3VtbWl0L2FwaS9wcm9kdWN0cy9zdW1taXQtb3V0ZXJsaWQiO31zOjY6Il9mbGFzaCI7YToyOntzOjM6Im9sZCI7YTowOnt9czozOiJuZXciO2E6MDp7fX19', 1760096347),
('kycdSF3qro5Nltioo2teZnHURYh4fV07aqN978iG', NULL, '127.0.0.1', 'Mozilla/5.0 (Windows NT 10.0; Win64; x64; rv:143.0) Gecko/20100101 Firefox/143.0', 'YTozOntzOjY6Il90b2tlbiI7czo0MDoiWEd3d3BQZ3BxOWpMVjJNaGRZNDdqOGFFcUZrdjRqcUNuRG92MU9QWSI7czo5OiJfcHJldmlvdXMiO2E6MTp7czozOiJ1cmwiO3M6NTI6Imh0dHA6Ly9sb2NhbGhvc3Qvc3VtbWl0L2FwaS9wcm9kdWN0cy9zdW1taXQtb3V0ZXJsaWQiO31zOjY6Il9mbGFzaCI7YToyOntzOjM6Im9sZCI7YTowOnt9czozOiJuZXciO2E6MDp7fX19', 1760096454),
('L5ZRwiO2LXj7r02xdLowDL20tcLSyekvqreIwqEw', NULL, '::1', 'Mozilla/5.0 (Windows NT 10.0; Win64; x64) AppleWebKit/537.36 (KHTML, like Gecko) Chrome/141.0.0.0 Safari/537.36', 'YTozOntzOjY6Il90b2tlbiI7czo0MDoiTDU1ZGdURVpVY3luU2daTjhMMHVvODNYRUlDRFdYSG52ZDBWUkhJaCI7czo5OiJfcHJldmlvdXMiO2E6MTp7czozOiJ1cmwiO3M6NTI6Imh0dHA6Ly9sb2NhbGhvc3Qvc3VtbWl0L2FwaS9wcm9kdWN0cy9zdW1taXQtb3V0ZXJsaWQiO31zOjY6Il9mbGFzaCI7YToyOntzOjM6Im9sZCI7YTowOnt9czozOiJuZXciO2E6MDp7fX19', 1760095402),
('lCnhV3bNkwOtNA6aEKkgvDSGllTxGKuSvKVYEW8P', NULL, '127.0.0.1', 'Mozilla/5.0 (Windows NT 10.0; Win64; x64; rv:143.0) Gecko/20100101 Firefox/143.0', 'YTozOntzOjY6Il90b2tlbiI7czo0MDoibEpiS2JnWkVPcjZIbnRDc0tyU3QzNG83ZnVDcEliM2tURlcyeG9UUyI7czo5OiJfcHJldmlvdXMiO2E6MTp7czozOiJ1cmwiO3M6MzI6Imh0dHA6Ly9sb2NhbGhvc3Qvc3VtbWl0L2FwaS9jYXJ0Ijt9czo2OiJfZmxhc2giO2E6Mjp7czozOiJvbGQiO2E6MDp7fXM6MzoibmV3IjthOjA6e319fQ==', 1760091477),
('lG59vL9JrUCpsS0HVEhZGaHdzui91I4vbOQbE6Bk', NULL, '127.0.0.1', 'Mozilla/5.0 (Windows NT 10.0; Win64; x64; rv:143.0) Gecko/20100101 Firefox/143.0', 'YTozOntzOjY6Il90b2tlbiI7czo0MDoiUFZ0c2kwQkhYeDhMUHlsdTJZQjFrMG1IZHpUQURBbWpISDNkM3hSaSI7czo5OiJfcHJldmlvdXMiO2E6MTp7czozOiJ1cmwiO3M6NTI6Imh0dHA6Ly9sb2NhbGhvc3Qvc3VtbWl0L2FwaS9wcm9kdWN0cy9zdW1taXQtb3V0ZXJsaWQiO31zOjY6Il9mbGFzaCI7YToyOntzOjM6Im9sZCI7YTowOnt9czozOiJuZXciO2E6MDp7fX19', 1760096338),
('LM7SoD9FfeNkFjkejCnfi6leLxjo829IBa1UOpHz', NULL, '127.0.0.1', 'Mozilla/5.0 (Windows NT 10.0; Win64; x64; rv:143.0) Gecko/20100101 Firefox/143.0', 'YTozOntzOjY6Il90b2tlbiI7czo0MDoibjFCUFJTTGNTQ3dpUDhFS3hHTGtmY0tRMUtiZlV0RTl3czRCbkNwWiI7czo5OiJfcHJldmlvdXMiO2E6MTp7czozOiJ1cmwiO3M6MzI6Imh0dHA6Ly9sb2NhbGhvc3Qvc3VtbWl0L2FwaS9jYXJ0Ijt9czo2OiJfZmxhc2giO2E6Mjp7czozOiJvbGQiO2E6MDp7fXM6MzoibmV3IjthOjA6e319fQ==', 1760091887),
('Lny0xBFco6R6f3gXDXFcWHO5ynDkcpv0yKD3FHOV', NULL, '127.0.0.1', 'Mozilla/5.0 (Windows NT 10.0; Win64; x64; rv:143.0) Gecko/20100101 Firefox/143.0', 'YTozOntzOjY6Il90b2tlbiI7czo0MDoiVXFZcjNLaGxJYWo5Y0l4cWRzOEs1bWtIcVpNTU9ZUE5seTJsQTM5RyI7czo5OiJfcHJldmlvdXMiO2E6MTp7czozOiJ1cmwiO3M6MzI6Imh0dHA6Ly9sb2NhbGhvc3Qvc3VtbWl0L2FwaS9jYXJ0Ijt9czo2OiJfZmxhc2giO2E6Mjp7czozOiJvbGQiO2E6MDp7fXM6MzoibmV3IjthOjA6e319fQ==', 1760091725),
('lOerp5oTFRCH1Ps3GAg2M86nuTfRX3QcjCluEdeK', NULL, '127.0.0.1', 'Mozilla/5.0 (Windows NT 10.0; Win64; x64; rv:143.0) Gecko/20100101 Firefox/143.0', 'YTozOntzOjY6Il90b2tlbiI7czo0MDoiWERRWU13a1d4MmphZGNDbjFQd1diWHRwdFlYRlhlNFlaZVMxTGtTWCI7czo5OiJfcHJldmlvdXMiO2E6MTp7czozOiJ1cmwiO3M6MzI6Imh0dHA6Ly9sb2NhbGhvc3Qvc3VtbWl0L2FwaS9jYXJ0Ijt9czo2OiJfZmxhc2giO2E6Mjp7czozOiJvbGQiO2E6MDp7fXM6MzoibmV3IjthOjA6e319fQ==', 1760091918),
('lxwVGrNGlITx6WVzGbBpV2Ueh7Fm1vawzkWL1Lap', NULL, '127.0.0.1', 'Mozilla/5.0 (Windows NT 10.0; Win64; x64; rv:143.0) Gecko/20100101 Firefox/143.0', 'YTozOntzOjY6Il90b2tlbiI7czo0MDoiVmJHT1o2dGJKQnlQNjRZQ25hS001TzVlamlvc0xNMEYwR3F0S1RsZSI7czo5OiJfcHJldmlvdXMiO2E6MTp7czozOiJ1cmwiO3M6Nzg6Imh0dHA6Ly9sb2NhbGhvc3Qvc3VtbWl0L2FwaS9wcm9kdWN0cy9zdW1taXQtb3V0ZXItbGlkLXByZXNzdXJlLWNvb2tlci11bHRpbWF0ZSI7fXM6NjoiX2ZsYXNoIjthOjI6e3M6Mzoib2xkIjthOjA6e31zOjM6Im5ldyI7YTowOnt9fX0=', 1760101000),
('lYSZjYG7dx10cl0ZSWDK8WpuE2xLWNCLN31J5ZRC', NULL, '127.0.0.1', 'Mozilla/5.0 (Windows NT 10.0; Win64; x64; rv:143.0) Gecko/20100101 Firefox/143.0', 'YTozOntzOjY6Il90b2tlbiI7czo0MDoiT29kVnM2RVp6eVdVZlFxT0JzWTV1cVBVbEs1a1ZqaTA4RUl3RnBNUCI7czo5OiJfcHJldmlvdXMiO2E6MTp7czozOiJ1cmwiO3M6MzI6Imh0dHA6Ly9sb2NhbGhvc3Qvc3VtbWl0L2FwaS9jYXJ0Ijt9czo2OiJfZmxhc2giO2E6Mjp7czozOiJvbGQiO2E6MDp7fXM6MzoibmV3IjthOjA6e319fQ==', 1760091448),
('m3nSVZkgNlLg31SJneF3yGgvSHd71TIqgMnEGNxU', NULL, '127.0.0.1', 'Mozilla/5.0 (Windows NT 10.0; Win64; x64; rv:143.0) Gecko/20100101 Firefox/143.0', 'YTozOntzOjY6Il90b2tlbiI7czo0MDoiSEJnWE5KN01ZbHduY25MakY1Q0YzcU0zM3pkcUZXVk9iS3llc3NxaiI7czo5OiJfcHJldmlvdXMiO2E6MTp7czozOiJ1cmwiO3M6NTI6Imh0dHA6Ly9sb2NhbGhvc3Qvc3VtbWl0L2FwaS9wcm9kdWN0cy9zdW1taXQtb3V0ZXJsaWQiO31zOjY6Il9mbGFzaCI7YToyOntzOjM6Im9sZCI7YTowOnt9czozOiJuZXciO2E6MDp7fX19', 1760095181),
('mgTqQbWyTGS6QWidh8GgqXGuZ5ibZ6fdnCunGkQj', NULL, '127.0.0.1', 'Mozilla/5.0 (Windows NT 10.0; Win64; x64; rv:143.0) Gecko/20100101 Firefox/143.0', 'YTozOntzOjY6Il90b2tlbiI7czo0MDoiUUJsd0JOSmdJTjFFSXAzMDlEM1MyTWRCSmtFaHZwVnl5aDN0aXJqaCI7czo5OiJfcHJldmlvdXMiO2E6MTp7czozOiJ1cmwiO3M6NTI6Imh0dHA6Ly9sb2NhbGhvc3Qvc3VtbWl0L2FwaS9wcm9kdWN0cy9zdW1taXQtb3V0ZXJsaWQiO31zOjY6Il9mbGFzaCI7YToyOntzOjM6Im9sZCI7YTowOnt9czozOiJuZXciO2E6MDp7fX19', 1760097318),
('Minvq7L8vef8jQu5VrtTALz1hDwmjPrOqgvnrE7G', NULL, '127.0.0.1', 'Mozilla/5.0 (Windows NT 10.0; Win64; x64; rv:143.0) Gecko/20100101 Firefox/143.0', 'YTozOntzOjY6Il90b2tlbiI7czo0MDoiRkJIbUJaejBHNU1UQTUwT1JJMkpVVEtsVXB0RFhUdHBrekVvY0hJcSI7czo5OiJfcHJldmlvdXMiO2E6MTp7czozOiJ1cmwiO3M6MzI6Imh0dHA6Ly9sb2NhbGhvc3Qvc3VtbWl0L2FwaS9jYXJ0Ijt9czo2OiJfZmxhc2giO2E6Mjp7czozOiJvbGQiO2E6MDp7fXM6MzoibmV3IjthOjA6e319fQ==', 1760091914),
('MjyyJ0X6hPWhdKPA6tnqOY0TlTsT2xVd1oQHyylI', NULL, '127.0.0.1', 'Mozilla/5.0 (Windows NT 10.0; Win64; x64; rv:143.0) Gecko/20100101 Firefox/143.0', 'YTozOntzOjY6Il90b2tlbiI7czo0MDoiY0p1R1hMZ2oybURqTWNvSWpSNXlFVGlSMVJTYWJ2NDBPYWtXUTBnSSI7czo5OiJfcHJldmlvdXMiO2E6MTp7czozOiJ1cmwiO3M6NTI6Imh0dHA6Ly9sb2NhbGhvc3Qvc3VtbWl0L2FwaS9wcm9kdWN0cy9zdW1taXQtb3V0ZXJsaWQiO31zOjY6Il9mbGFzaCI7YToyOntzOjM6Im9sZCI7YTowOnt9czozOiJuZXciO2E6MDp7fX19', 1760100949),
('mszdk7duosQOrgNbBZuCmjwOFElGJ7uXmVk3FZkI', NULL, '127.0.0.1', 'Mozilla/5.0 (Windows NT 10.0; Win64; x64; rv:143.0) Gecko/20100101 Firefox/143.0', 'YTozOntzOjY6Il90b2tlbiI7czo0MDoiNFRwUFBtRGpvUnZMYUJlM3p4NnlkT0F4TGwyOUMybWFoS0xTaW1rbCI7czo5OiJfcHJldmlvdXMiO2E6MTp7czozOiJ1cmwiO3M6MzI6Imh0dHA6Ly9sb2NhbGhvc3Qvc3VtbWl0L2FwaS9jYXJ0Ijt9czo2OiJfZmxhc2giO2E6Mjp7czozOiJvbGQiO2E6MDp7fXM6MzoibmV3IjthOjA6e319fQ==', 1760091437),
('mXLZeylWetjPXosbEEIyMArgY9ZXhMq2DqZrvbC8', NULL, '::1', 'Mozilla/5.0 (Windows NT 10.0; Win64; x64) AppleWebKit/537.36 (KHTML, like Gecko) Chrome/141.0.0.0 Safari/537.36', 'YTozOntzOjY6Il90b2tlbiI7czo0MDoicUZ2cjFkbjVEeGdob3YxN2ZFRG1sbURYZDRSU0pMNHBtQjg2akM2RSI7czo5OiJfcHJldmlvdXMiO2E6MTp7czozOiJ1cmwiO3M6NTI6Imh0dHA6Ly9sb2NhbGhvc3Qvc3VtbWl0L2FwaS9wcm9kdWN0cy9zdW1taXQtb3V0ZXJsaWQiO31zOjY6Il9mbGFzaCI7YToyOntzOjM6Im9sZCI7YTowOnt9czozOiJuZXciO2E6MDp7fX19', 1760092209),
('mYChExIWaREYPt9fkozFw1BxJQQLlPT8ardE4Th9', NULL, '::1', 'Mozilla/5.0 (Windows NT 10.0; Win64; x64) AppleWebKit/537.36 (KHTML, like Gecko) Chrome/141.0.0.0 Safari/537.36', 'YTozOntzOjY6Il90b2tlbiI7czo0MDoiQXV5emJ3anpnWnRyQkxSZXVXbHp5Mm94MkhVV1F6Q3A2WThOSkc3dCI7czo5OiJfcHJldmlvdXMiO2E6MTp7czozOiJ1cmwiO3M6NTI6Imh0dHA6Ly9sb2NhbGhvc3Qvc3VtbWl0L2FwaS9wcm9kdWN0cy9zdW1taXQtb3V0ZXJsaWQiO31zOjY6Il9mbGFzaCI7YToyOntzOjM6Im9sZCI7YTowOnt9czozOiJuZXciO2E6MDp7fX19', 1760096544),
('N4ekeJCYE9Ho68lg6RhgakPlBfQH4DQWIplEAv7b', NULL, '127.0.0.1', 'Mozilla/5.0 (Windows NT 10.0; Win64; x64; rv:143.0) Gecko/20100101 Firefox/143.0', 'YTozOntzOjY6Il90b2tlbiI7czo0MDoiaVl1SmhjcVlzVnNjdmlKaUFpRlVFOXptVnFWcmFZcEphQUJOTmd4ciI7czo5OiJfcHJldmlvdXMiO2E6MTp7czozOiJ1cmwiO3M6NTI6Imh0dHA6Ly9sb2NhbGhvc3Qvc3VtbWl0L2FwaS9wcm9kdWN0cy9zdW1taXQtb3V0ZXJsaWQiO31zOjY6Il9mbGFzaCI7YToyOntzOjM6Im9sZCI7YTowOnt9czozOiJuZXciO2E6MDp7fX19', 1760099103),
('N88TtoAoGghp2XruRJra48bpYSArmvZVMqehGD6O', NULL, '::1', 'Mozilla/5.0 (Windows NT 10.0; Win64; x64) AppleWebKit/537.36 (KHTML, like Gecko) Chrome/141.0.0.0 Safari/537.36', 'YTozOntzOjY6Il90b2tlbiI7czo0MDoick90a1BxU1d0Qk40NmNmNGRPU04zckxpNDMwNFpTSGhtSGVoSmdlNiI7czo5OiJfcHJldmlvdXMiO2E6MTp7czozOiJ1cmwiO3M6MzI6Imh0dHA6Ly9sb2NhbGhvc3Qvc3VtbWl0L2FwaS9jYXJ0Ijt9czo2OiJfZmxhc2giO2E6Mjp7czozOiJvbGQiO2E6MDp7fXM6MzoibmV3IjthOjA6e319fQ==', 1760097024),
('nBs4UwE17jePKPbP0nCkrs8kwpIxudj4TQQfPPok', NULL, '127.0.0.1', 'Mozilla/5.0 (Windows NT 10.0; Win64; x64; rv:143.0) Gecko/20100101 Firefox/143.0', 'YTozOntzOjY6Il90b2tlbiI7czo0MDoiaUlzWjZrbllnZ0tsSEFTajBmbVdUUlBuNVR2Y0k5ejBtc0hIY0dBbCI7czo5OiJfcHJldmlvdXMiO2E6MTp7czozOiJ1cmwiO3M6MzI6Imh0dHA6Ly9sb2NhbGhvc3Qvc3VtbWl0L2FwaS9jYXJ0Ijt9czo2OiJfZmxhc2giO2E6Mjp7czozOiJvbGQiO2E6MDp7fXM6MzoibmV3IjthOjA6e319fQ==', 1760091782),
('nNm7Pe9MJEXtPkWuaICTgK3YiDJXP71Akdax03yL', NULL, '127.0.0.1', 'Mozilla/5.0 (Windows NT 10.0; Win64; x64; rv:143.0) Gecko/20100101 Firefox/143.0', 'YTozOntzOjY6Il90b2tlbiI7czo0MDoib0Zoczgyam10Zko4YUthR08wRjVFN3hxNHF4ZVhqalA1Vzlac09PUCI7czo5OiJfcHJldmlvdXMiO2E6MTp7czozOiJ1cmwiO3M6NTI6Imh0dHA6Ly9sb2NhbGhvc3Qvc3VtbWl0L2FwaS9wcm9kdWN0cy9zdW1taXQtb3V0ZXJsaWQiO31zOjY6Il9mbGFzaCI7YToyOntzOjM6Im9sZCI7YTowOnt9czozOiJuZXciO2E6MDp7fX19', 1760096064),
('nqFHFbSEZzffrEBaFRdfXqFBPlpWhP4Ok1R8gtXt', NULL, '127.0.0.1', 'Mozilla/5.0 (Windows NT 10.0; Win64; x64; rv:143.0) Gecko/20100101 Firefox/143.0', 'YTozOntzOjY6Il90b2tlbiI7czo0MDoieFpXRm9mUWhLTWpTTzh0RmlFYzFFQ1VPUnZKcXZ0Tll5dnRvT3NucSI7czo5OiJfcHJldmlvdXMiO2E6MTp7czozOiJ1cmwiO3M6NTI6Imh0dHA6Ly9sb2NhbGhvc3Qvc3VtbWl0L2FwaS9wcm9kdWN0cy9zdW1taXQtb3V0ZXJsaWQiO31zOjY6Il9mbGFzaCI7YToyOntzOjM6Im9sZCI7YTowOnt9czozOiJuZXciO2E6MDp7fX19', 1760097024),
('NTX9PQPQwrwEhKzLCgUM7J8pA1O19zXKmTokK2ci', NULL, '127.0.0.1', 'Mozilla/5.0 (Windows NT 10.0; Win64; x64; rv:143.0) Gecko/20100101 Firefox/143.0', 'YTozOntzOjY6Il90b2tlbiI7czo0MDoieEZpMnBMYmxVelZUQm13QWR4NW9TRFROZjQ2R05YMkMxT2tmcEs4MSI7czo5OiJfcHJldmlvdXMiO2E6MTp7czozOiJ1cmwiO3M6Nzg6Imh0dHA6Ly9sb2NhbGhvc3Qvc3VtbWl0L2FwaS9wcm9kdWN0cy9zdW1taXQtb3V0ZXItbGlkLXByZXNzdXJlLWNvb2tlci11bHRpbWF0ZSI7fXM6NjoiX2ZsYXNoIjthOjI6e3M6Mzoib2xkIjthOjA6e31zOjM6Im5ldyI7YTowOnt9fX0=', 1760100961),
('nucoYu6q6KEVxFrzYLg7GGPIfr9ofPDvaOXSYzyG', NULL, '::1', 'Mozilla/5.0 (Windows NT 10.0; Win64; x64) AppleWebKit/537.36 (KHTML, like Gecko) Chrome/141.0.0.0 Safari/537.36', 'YTozOntzOjY6Il90b2tlbiI7czo0MDoiajgyR2JLcldHTHd3RWZxY21FZkJ1VTFvU0ZYc1IzM2ZEM3oxa0laeSI7czo5OiJfcHJldmlvdXMiO2E6MTp7czozOiJ1cmwiO3M6NTI6Imh0dHA6Ly9sb2NhbGhvc3Qvc3VtbWl0L2FwaS9wcm9kdWN0cy9zdW1taXQtb3V0ZXJsaWQiO31zOjY6Il9mbGFzaCI7YToyOntzOjM6Im9sZCI7YTowOnt9czozOiJuZXciO2E6MDp7fX19', 1760097024),
('OFxLKZ3cMT0VnCLy6nKm6JjAMfSCkK5GDFyNztBZ', NULL, '127.0.0.1', 'Mozilla/5.0 (Windows NT 10.0; Win64; x64; rv:143.0) Gecko/20100101 Firefox/143.0', 'YTozOntzOjY6Il90b2tlbiI7czo0MDoidWxOVDlBbnFzZmZNT2tiamlobUlBWXZ5dGJaQUYzZlgxaFJRTUNOaCI7czo5OiJfcHJldmlvdXMiO2E6MTp7czozOiJ1cmwiO3M6MzI6Imh0dHA6Ly9sb2NhbGhvc3Qvc3VtbWl0L2FwaS9jYXJ0Ijt9czo2OiJfZmxhc2giO2E6Mjp7czozOiJvbGQiO2E6MDp7fXM6MzoibmV3IjthOjA6e319fQ==', 1760091901),
('OvcU5fmh6g3bUvJVVMHt236il11m43qDm7QBWsYs', NULL, '127.0.0.1', 'Mozilla/5.0 (Windows NT 10.0; Win64; x64; rv:143.0) Gecko/20100101 Firefox/143.0', 'YTozOntzOjY6Il90b2tlbiI7czo0MDoiaTBsQk9VSmxlR2hYZll3RzgyWTBXajNSNDM0bkJrWlZ5aWJTM3NWRiI7czo5OiJfcHJldmlvdXMiO2E6MTp7czozOiJ1cmwiO3M6Njg6Imh0dHA6Ly9sb2NhbGhvc3Qvc3VtbWl0L2FwaS9wcm9kdWN0cy9zdW1taXQtb3V0ZXJsaWQtY29tYmlwYWNrLXByaW1lIjt9czo2OiJfZmxhc2giO2E6Mjp7czozOiJvbGQiO2E6MDp7fXM6MzoibmV3IjthOjA6e319fQ==', 1760095694),
('P43RFXv7knGyUMclYC9GENLAQuSWuqdos85xG0PJ', NULL, '::1', 'Mozilla/5.0 (Windows NT 10.0; Win64; x64) AppleWebKit/537.36 (KHTML, like Gecko) Chrome/141.0.0.0 Safari/537.36', 'YTozOntzOjY6Il90b2tlbiI7czo0MDoiZUk2WU1CcnJ2UVlSZmVYbjlZZnpGQVRxc29HN2diSWlQY2FXNXZQZCI7czo5OiJfcHJldmlvdXMiO2E6MTp7czozOiJ1cmwiO3M6NTI6Imh0dHA6Ly9sb2NhbGhvc3Qvc3VtbWl0L2FwaS9wcm9kdWN0cy9zdW1taXQtb3V0ZXJsaWQiO31zOjY6Il9mbGFzaCI7YToyOntzOjM6Im9sZCI7YTowOnt9czozOiJuZXciO2E6MDp7fX19', 1760091438),
('pK4vUwXifWTI2Unbzn1HBgQ6mhljv6hMYs1Tsc63', NULL, '127.0.0.1', 'Mozilla/5.0 (Windows NT 10.0; Win64; x64; rv:143.0) Gecko/20100101 Firefox/143.0', 'YTozOntzOjY6Il90b2tlbiI7czo0MDoiVmdwZ0Zua09Ub3BNdGdxUHV1dXIySWFpR1hXMGJaamNEbDhoZlM1MyI7czo5OiJfcHJldmlvdXMiO2E6MTp7czozOiJ1cmwiO3M6NTI6Imh0dHA6Ly9sb2NhbGhvc3Qvc3VtbWl0L2FwaS9wcm9kdWN0cy9zdW1taXQtb3V0ZXJsaWQiO31zOjY6Il9mbGFzaCI7YToyOntzOjM6Im9sZCI7YTowOnt9czozOiJuZXciO2E6MDp7fX19', 1760098585),
('PmE9qC91D65LUQjzySyjY3BssYuZ6gWdEc8JFmZC', NULL, '127.0.0.1', 'Mozilla/5.0 (Windows NT 10.0; Win64; x64; rv:143.0) Gecko/20100101 Firefox/143.0', 'YTozOntzOjY6Il90b2tlbiI7czo0MDoiWTdNVnQzZmN6TTV5N3FiOVdFRmZBN0FxN0kzQ0NDY1RvRnpyWWtCUiI7czo5OiJfcHJldmlvdXMiO2E6MTp7czozOiJ1cmwiO3M6MzI6Imh0dHA6Ly9sb2NhbGhvc3Qvc3VtbWl0L2FwaS9jYXJ0Ijt9czo2OiJfZmxhc2giO2E6Mjp7czozOiJvbGQiO2E6MDp7fXM6MzoibmV3IjthOjA6e319fQ==', 1760091468),
('ppa5bHAAHZvDcAaYGTPcASlVd2AbyNQXziZiiEhO', NULL, '127.0.0.1', 'Mozilla/5.0 (Windows NT 10.0; Win64; x64; rv:143.0) Gecko/20100101 Firefox/143.0', 'YTozOntzOjY6Il90b2tlbiI7czo0MDoiZ09wVDllMEtKZU4yQnhjQ1M0RDQ0VzFTbGJqaHZxaEljWGEwWnFHZyI7czo5OiJfcHJldmlvdXMiO2E6MTp7czozOiJ1cmwiO3M6NTI6Imh0dHA6Ly9sb2NhbGhvc3Qvc3VtbWl0L2FwaS9wcm9kdWN0cy9zdW1taXQtb3V0ZXJsaWQiO31zOjY6Il9mbGFzaCI7YToyOntzOjM6Im9sZCI7YTowOnt9czozOiJuZXciO2E6MDp7fX19', 1760096422),
('Pro7npmH23h4GKh7DbX3t20fpLIeEzRGk8xhMPZY', NULL, '127.0.0.1', 'Mozilla/5.0 (Windows NT 10.0; Win64; x64; rv:143.0) Gecko/20100101 Firefox/143.0', 'YTozOntzOjY6Il90b2tlbiI7czo0MDoieEtXQ0lTR0FxQ0pER0M1UW9TZzI3TnBvdHFpdFUwc0x0R0RuVkNnUyI7czo5OiJfcHJldmlvdXMiO2E6MTp7czozOiJ1cmwiO3M6MzI6Imh0dHA6Ly9sb2NhbGhvc3Qvc3VtbWl0L2FwaS9jYXJ0Ijt9czo2OiJfZmxhc2giO2E6Mjp7czozOiJvbGQiO2E6MDp7fXM6MzoibmV3IjthOjA6e319fQ==', 1760091761),
('PWflaFAGmmM06evBumOhtaxRZ9VlFRAW3no2KXTV', NULL, '127.0.0.1', 'Mozilla/5.0 (Windows NT 10.0; Win64; x64; rv:143.0) Gecko/20100101 Firefox/143.0', 'YTozOntzOjY6Il90b2tlbiI7czo0MDoiTDIzMXVZajltNldlNXdnZjRCb0JLQTlxQXl2b1VhazFvOTQ3MHZzMSI7czo5OiJfcHJldmlvdXMiO2E6MTp7czozOiJ1cmwiO3M6MzY6Imh0dHA6Ly9sb2NhbGhvc3Qvc3VtbWl0L2FwaS9wcm9kdWN0cyI7fXM6NjoiX2ZsYXNoIjthOjI6e3M6Mzoib2xkIjthOjA6e31zOjM6Im5ldyI7YTowOnt9fX0=', 1760101033),
('PzzeWSMBxs6EQA7eQhn6gJZW8fFIdGx4Hs5HrySQ', NULL, '127.0.0.1', 'Mozilla/5.0 (Windows NT 10.0; Win64; x64; rv:143.0) Gecko/20100101 Firefox/143.0', 'YTozOntzOjY6Il90b2tlbiI7czo0MDoiWEZPNFdycXhEMVhlZUljcWRSdXFma0dBdTZGQ0k5czNJRVAzcGdwYyI7czo5OiJfcHJldmlvdXMiO2E6MTp7czozOiJ1cmwiO3M6MzI6Imh0dHA6Ly9sb2NhbGhvc3Qvc3VtbWl0L2FwaS9jYXJ0Ijt9czo2OiJfZmxhc2giO2E6Mjp7czozOiJvbGQiO2E6MDp7fXM6MzoibmV3IjthOjA6e319fQ==', 1760091762),
('qeaiOnsjmVsroAdBxPrscPBfbfus66wnD5kRDTtR', NULL, '127.0.0.1', 'Mozilla/5.0 (Windows NT 10.0; Win64; x64; rv:143.0) Gecko/20100101 Firefox/143.0', 'YTozOntzOjY6Il90b2tlbiI7czo0MDoibDVaSkJUQ3k3UjF2UlBRVEh5YUhibUYwSXYxSEJIYU9YTm93UkF2ViI7czo5OiJfcHJldmlvdXMiO2E6MTp7czozOiJ1cmwiO3M6NTI6Imh0dHA6Ly9sb2NhbGhvc3Qvc3VtbWl0L2FwaS9wcm9kdWN0cy9zdW1taXQtb3V0ZXJsaWQiO31zOjY6Il9mbGFzaCI7YToyOntzOjM6Im9sZCI7YTowOnt9czozOiJuZXciO2E6MDp7fX19', 1760095545),
('qhXIrKNNhArQT8dEKfXKiNEypchPwRXfmwNucPcL', NULL, '127.0.0.1', 'Mozilla/5.0 (Windows NT 10.0; Win64; x64; rv:143.0) Gecko/20100101 Firefox/143.0', 'YTozOntzOjY6Il90b2tlbiI7czo0MDoiSW9PQ1l4UW9SV1NTNWJSYjBERWNkaXg1RlQ1NkRuaWhCeTV3ZFllWiI7czo5OiJfcHJldmlvdXMiO2E6MTp7czozOiJ1cmwiO3M6NTI6Imh0dHA6Ly9sb2NhbGhvc3Qvc3VtbWl0L2FwaS9wcm9kdWN0cy9zdW1taXQtb3V0ZXJsaWQiO31zOjY6Il9mbGFzaCI7YToyOntzOjM6Im9sZCI7YTowOnt9czozOiJuZXciO2E6MDp7fX19', 1760096346),
('qiNOIgfN1ZLJfSkfVijrdfbm9i4h18fe2b9xYEdA', NULL, '127.0.0.1', 'Mozilla/5.0 (Windows NT 10.0; Win64; x64; rv:143.0) Gecko/20100101 Firefox/143.0', 'YTozOntzOjY6Il90b2tlbiI7czo0MDoicEdMREI4MkFQUkZzV0phWVF3Tnk0UWlGQmRHVHJGa1FtMXdwMllRZSI7czo5OiJfcHJldmlvdXMiO2E6MTp7czozOiJ1cmwiO3M6MzI6Imh0dHA6Ly9sb2NhbGhvc3Qvc3VtbWl0L2FwaS9jYXJ0Ijt9czo2OiJfZmxhc2giO2E6Mjp7czozOiJvbGQiO2E6MDp7fXM6MzoibmV3IjthOjA6e319fQ==', 1760091886),
('QnJ6094FaacdJYMEFB37ONwxDTndx56UkbCZRSM7', NULL, '127.0.0.1', 'Mozilla/5.0 (Windows NT 10.0; Win64; x64; rv:143.0) Gecko/20100101 Firefox/143.0', 'YTozOntzOjY6Il90b2tlbiI7czo0MDoiOVJzSVdCbWFxVWtYbDAxNHFOTXkwUlFKcEJ6VXF6MXZkbzF0dTV3TCI7czo5OiJfcHJldmlvdXMiO2E6MTp7czozOiJ1cmwiO3M6MzI6Imh0dHA6Ly9sb2NhbGhvc3Qvc3VtbWl0L2FwaS9jYXJ0Ijt9czo2OiJfZmxhc2giO2E6Mjp7czozOiJvbGQiO2E6MDp7fXM6MzoibmV3IjthOjA6e319fQ==', 1760091886),
('qqpAZUtEBhGPmCNFWi5AZuvvIcLqhEwxSqAkeVR4', NULL, '127.0.0.1', 'Mozilla/5.0 (Windows NT 10.0; Win64; x64; rv:143.0) Gecko/20100101 Firefox/143.0', 'YTozOntzOjY6Il90b2tlbiI7czo0MDoiMmdnRjBTUFNPNHFKMWpnak1pUVpsT2RuQml0MnU3RDNsS0VGRkZVbyI7czo5OiJfcHJldmlvdXMiO2E6MTp7czozOiJ1cmwiO3M6NTI6Imh0dHA6Ly9sb2NhbGhvc3Qvc3VtbWl0L2FwaS9wcm9kdWN0cy9zdW1taXQtb3V0ZXJsaWQiO31zOjY6Il9mbGFzaCI7YToyOntzOjM6Im9sZCI7YTowOnt9czozOiJuZXciO2E6MDp7fX19', 1760096343),
('QVjhdyBloXZD83hPCRU1d26J1snruFAWjkNRnDSV', NULL, '127.0.0.1', 'Mozilla/5.0 (Windows NT 10.0; Win64; x64; rv:143.0) Gecko/20100101 Firefox/143.0', 'YTozOntzOjY6Il90b2tlbiI7czo0MDoiRkRQVTl6WTVQNDUwVERPd2s3a3VGZ1d6TlVpWWtsQWowSkZxT3Q3UyI7czo5OiJfcHJldmlvdXMiO2E6MTp7czozOiJ1cmwiO3M6NTI6Imh0dHA6Ly9sb2NhbGhvc3Qvc3VtbWl0L2FwaS9wcm9kdWN0cy9zdW1taXQtb3V0ZXJsaWQiO31zOjY6Il9mbGFzaCI7YToyOntzOjM6Im9sZCI7YTowOnt9czozOiJuZXciO2E6MDp7fX19', 1760096001),
('QwTGTDaQxKLqP0JkNBrIIg7ouOnGfGoR0sP806jg', NULL, '127.0.0.1', 'Mozilla/5.0 (Windows NT 10.0; Win64; x64; rv:143.0) Gecko/20100101 Firefox/143.0', 'YTozOntzOjY6Il90b2tlbiI7czo0MDoiRDV5cHpaUDhJTlhlZTBZcjB3WWFSbGQ2dkJZRktxUHdKek1NWFZUNiI7czo5OiJfcHJldmlvdXMiO2E6MTp7czozOiJ1cmwiO3M6MzI6Imh0dHA6Ly9sb2NhbGhvc3Qvc3VtbWl0L2FwaS9jYXJ0Ijt9czo2OiJfZmxhc2giO2E6Mjp7czozOiJvbGQiO2E6MDp7fXM6MzoibmV3IjthOjA6e319fQ==', 1760091776),
('QYWq6VHYSmoSRS41XVZIMAkuVymYG83TCqygTGab', NULL, '127.0.0.1', 'Mozilla/5.0 (Windows NT 10.0; Win64; x64; rv:143.0) Gecko/20100101 Firefox/143.0', 'YTozOntzOjY6Il90b2tlbiI7czo0MDoiWmc4WE85Unh1elN4Q0RhUkhxQ3dLMjltcWtJdVl5ZmlNeFhCRG94YyI7czo5OiJfcHJldmlvdXMiO2E6MTp7czozOiJ1cmwiO3M6MzI6Imh0dHA6Ly9sb2NhbGhvc3Qvc3VtbWl0L2FwaS9jYXJ0Ijt9czo2OiJfZmxhc2giO2E6Mjp7czozOiJvbGQiO2E6MDp7fXM6MzoibmV3IjthOjA6e319fQ==', 1760091781),
('RBAn2pcW1C3uke3KpLOZxUX0ctEYUuJiYuO9aXNx', NULL, '127.0.0.1', 'Mozilla/5.0 (Windows NT 10.0; Win64; x64; rv:143.0) Gecko/20100101 Firefox/143.0', 'YTozOntzOjY6Il90b2tlbiI7czo0MDoiQ2JPNGhPSG9KMEFPZktBcGdUZ0VpakNNdmRUT040d2xuVlFNalE4MSI7czo5OiJfcHJldmlvdXMiO2E6MTp7czozOiJ1cmwiO3M6MzI6Imh0dHA6Ly9sb2NhbGhvc3Qvc3VtbWl0L2FwaS9jYXJ0Ijt9czo2OiJfZmxhc2giO2E6Mjp7czozOiJvbGQiO2E6MDp7fXM6MzoibmV3IjthOjA6e319fQ==', 1760091918),
('rC2WRdBEpGjnLf6gJT6zjrJVyyqg5T3Uq4lHQwZH', NULL, '127.0.0.1', 'Mozilla/5.0 (Windows NT 10.0; Win64; x64; rv:143.0) Gecko/20100101 Firefox/143.0', 'YTozOntzOjY6Il90b2tlbiI7czo0MDoiazBSUEtoell3ZkM3ZklNOTZDVGVuU203NzRBdVlqT2RZZUg2OWpRayI7czo5OiJfcHJldmlvdXMiO2E6MTp7czozOiJ1cmwiO3M6Njg6Imh0dHA6Ly9sb2NhbGhvc3Qvc3VtbWl0L2FwaS9wcm9kdWN0cy9zdW1taXQtb3V0ZXJsaWQtY29tYmlwYWNrLXByaW1lIjt9czo2OiJfZmxhc2giO2E6Mjp7czozOiJvbGQiO2E6MDp7fXM6MzoibmV3IjthOjA6e319fQ==', 1760096272),
('rcKN50jaCMqY6IGJYQg6Mqc8H1Wtz6J9Ye12fkmB', NULL, '127.0.0.1', 'Mozilla/5.0 (Windows NT 10.0; Win64; x64; rv:143.0) Gecko/20100101 Firefox/143.0', 'YTozOntzOjY6Il90b2tlbiI7czo0MDoid244NXZ5dWdqNEpLN1Q2VkZUU2U5ejRyeVU1Nll0ekxBWEtRbnNGayI7czo5OiJfcHJldmlvdXMiO2E6MTp7czozOiJ1cmwiO3M6MzI6Imh0dHA6Ly9sb2NhbGhvc3Qvc3VtbWl0L2FwaS9jYXJ0Ijt9czo2OiJfZmxhc2giO2E6Mjp7czozOiJvbGQiO2E6MDp7fXM6MzoibmV3IjthOjA6e319fQ==', 1760091871),
('REztQgtWK9feM3dvJwrGaWUAURNjxrwhETgUqmx7', NULL, '::1', 'Mozilla/5.0 (Windows NT 10.0; Win64; x64) AppleWebKit/537.36 (KHTML, like Gecko) Chrome/141.0.0.0 Safari/537.36', 'YTozOntzOjY6Il90b2tlbiI7czo0MDoieWVVSFI0cVM0elJLeDZ0WWJmdVVDczVqdjRuMVRUUkhteVNCN0xFZiI7czo5OiJfcHJldmlvdXMiO2E6MTp7czozOiJ1cmwiO3M6NTI6Imh0dHA6Ly9sb2NhbGhvc3Qvc3VtbWl0L2FwaS9wcm9kdWN0cy9zdW1taXQtb3V0ZXJsaWQiO31zOjY6Il9mbGFzaCI7YToyOntzOjM6Im9sZCI7YTowOnt9czozOiJuZXciO2E6MDp7fX19', 1760091423),
('RfAps2ybbNUM8RFYBvieY3VzTb10aZKD5ZZFzhtC', NULL, '::1', 'Mozilla/5.0 (Windows NT 10.0; Win64; x64) AppleWebKit/537.36 (KHTML, like Gecko) Chrome/141.0.0.0 Safari/537.36', 'YTozOntzOjY6Il90b2tlbiI7czo0MDoiUkFIQm10eGxKalZXWU05TEk5YjY4U2E0SEFyMFZ1dVlYb3VhTWkzUCI7czo5OiJfcHJldmlvdXMiO2E6MTp7czozOiJ1cmwiO3M6NTI6Imh0dHA6Ly9sb2NhbGhvc3Qvc3VtbWl0L2FwaS9wcm9kdWN0cy9zdW1taXQtb3V0ZXJsaWQiO31zOjY6Il9mbGFzaCI7YToyOntzOjM6Im9sZCI7YTowOnt9czozOiJuZXciO2E6MDp7fX19', 1760091841),
('RhRR8rKfu737lHFzCBUzE9AFFDSN3xgICU58C0Uj', NULL, '127.0.0.1', 'Mozilla/5.0 (Windows NT 10.0; Win64; x64; rv:143.0) Gecko/20100101 Firefox/143.0', 'YTozOntzOjY6Il90b2tlbiI7czo0MDoiWENEeGZZaHhYOGF4NjhHeU1XUGpZeTFPdWRKMkhzeFpYTGlLQjkzNCI7czo5OiJfcHJldmlvdXMiO2E6MTp7czozOiJ1cmwiO3M6NTI6Imh0dHA6Ly9sb2NhbGhvc3Qvc3VtbWl0L2FwaS9wcm9kdWN0cy9zdW1taXQtb3V0ZXJsaWQiO31zOjY6Il9mbGFzaCI7YToyOntzOjM6Im9sZCI7YTowOnt9czozOiJuZXciO2E6MDp7fX19', 1760096122),
('RvEqJsmdR4YiQHrA99nFM8DozeYXA7H8o3bdI8hi', NULL, '::1', 'Mozilla/5.0 (Windows NT 10.0; Win64; x64) AppleWebKit/537.36 (KHTML, like Gecko) Chrome/141.0.0.0 Safari/537.36', 'YTozOntzOjY6Il90b2tlbiI7czo0MDoiZUczcUY0UzVJSm5TdGRaNDgyTHY0QTNUNEhZVGJTTno0QU5qOHNMNyI7czo5OiJfcHJldmlvdXMiO2E6MTp7czozOiJ1cmwiO3M6NTI6Imh0dHA6Ly9sb2NhbGhvc3Qvc3VtbWl0L2FwaS9wcm9kdWN0cy9zdW1taXQtb3V0ZXJsaWQiO31zOjY6Il9mbGFzaCI7YToyOntzOjM6Im9sZCI7YTowOnt9czozOiJuZXciO2E6MDp7fX19', 1760095995),
('rXY38qeUM8zZglE4yukI8IKhwgVdgTxNTqqoa12p', NULL, '::1', 'Mozilla/5.0 (Windows NT 10.0; Win64; x64) AppleWebKit/537.36 (KHTML, like Gecko) Chrome/141.0.0.0 Safari/537.36', 'YTozOntzOjY6Il90b2tlbiI7czo0MDoiS1RkaTBDTTBHUlU0b1p1NXRGYzJqdmg5ZkJSWkN1TldISTc0VndGbCI7czo5OiJfcHJldmlvdXMiO2E6MTp7czozOiJ1cmwiO3M6NTI6Imh0dHA6Ly9sb2NhbGhvc3Qvc3VtbWl0L2FwaS9wcm9kdWN0cy9zdW1taXQtb3V0ZXJsaWQiO31zOjY6Il9mbGFzaCI7YToyOntzOjM6Im9sZCI7YTowOnt9czozOiJuZXciO2E6MDp7fX19', 1760091443),
('sgbj4w5R36MxrPyUFH3ER6aPgBuPtVyT5VwScQpd', NULL, '127.0.0.1', 'Mozilla/5.0 (Windows NT 10.0; Win64; x64; rv:143.0) Gecko/20100101 Firefox/143.0', 'YTozOntzOjY6Il90b2tlbiI7czo0MDoidjRNVnBJaUQ4bTlKSXZLZ0RNczhoc2VXVWdjQmlnaTlaOHUzRzZYWCI7czo5OiJfcHJldmlvdXMiO2E6MTp7czozOiJ1cmwiO3M6NTI6Imh0dHA6Ly9sb2NhbGhvc3Qvc3VtbWl0L2FwaS9wcm9kdWN0cy9zdW1taXQtb3V0ZXJsaWQiO31zOjY6Il9mbGFzaCI7YToyOntzOjM6Im9sZCI7YTowOnt9czozOiJuZXciO2E6MDp7fX19', 1760099880),
('shsOLx42v48L9ln5X4zLwQz7Lw1uGh4NKvMTZFni', NULL, '127.0.0.1', 'Mozilla/5.0 (Windows NT 10.0; Win64; x64; rv:143.0) Gecko/20100101 Firefox/143.0', 'YTozOntzOjY6Il90b2tlbiI7czo0MDoiWHJoWk5ITnZPTjViT0NuamRVMUYwc3FOU2FLcWZSakZFejR2MFRHQyI7czo5OiJfcHJldmlvdXMiO2E6MTp7czozOiJ1cmwiO3M6NTI6Imh0dHA6Ly9sb2NhbGhvc3Qvc3VtbWl0L2FwaS9wcm9kdWN0cy9zdW1taXQtb3V0ZXJsaWQiO31zOjY6Il9mbGFzaCI7YToyOntzOjM6Im9sZCI7YTowOnt9czozOiJuZXciO2E6MDp7fX19', 1760100923),
('sl0jC3Q90TKKCwdYKE8bk4r2U77GyrF5dFnUvGOI', NULL, '127.0.0.1', 'Mozilla/5.0 (Windows NT 10.0; Win64; x64; rv:143.0) Gecko/20100101 Firefox/143.0', 'YTozOntzOjY6Il90b2tlbiI7czo0MDoiRFZDRThuMWFXRmtzY0dNZnBkVG9hdTVuV1lWWERIdEpuREJKczltTCI7czo5OiJfcHJldmlvdXMiO2E6MTp7czozOiJ1cmwiO3M6MzI6Imh0dHA6Ly9sb2NhbGhvc3Qvc3VtbWl0L2FwaS9jYXJ0Ijt9czo2OiJfZmxhc2giO2E6Mjp7czozOiJvbGQiO2E6MDp7fXM6MzoibmV3IjthOjA6e319fQ==', 1760091444),
('sPH0xiNuruRxxDdJv34YlpUzSqw3EFIMzazybOOZ', NULL, '127.0.0.1', 'Mozilla/5.0 (Windows NT 10.0; Win64; x64; rv:143.0) Gecko/20100101 Firefox/143.0', 'YTozOntzOjY6Il90b2tlbiI7czo0MDoiNXBNWWhmUFRhWXhhNDE2M2UwNjQ0RndKZjduU1VWRzVXNXBLdVlMUCI7czo5OiJfcHJldmlvdXMiO2E6MTp7czozOiJ1cmwiO3M6Njg6Imh0dHA6Ly9sb2NhbGhvc3Qvc3VtbWl0L2FwaS9wcm9kdWN0cy9zdW1taXQtb3V0ZXJsaWQtY29tYmlwYWNrLXByaW1lIjt9czo2OiJfZmxhc2giO2E6Mjp7czozOiJvbGQiO2E6MDp7fXM6MzoibmV3IjthOjA6e319fQ==', 1760095601),
('SzKXBLr7NL0u6lGmIPvCuBSbB8FCTfMiCbw0Iofk', NULL, '127.0.0.1', 'Mozilla/5.0 (Windows NT 10.0; Win64; x64; rv:143.0) Gecko/20100101 Firefox/143.0', 'YTozOntzOjY6Il90b2tlbiI7czo0MDoiVW1NQ0VsVzdock43em5RSGNRMFE5cllCU3J6RlhhZWNUdGFDVVJEMCI7czo5OiJfcHJldmlvdXMiO2E6MTp7czozOiJ1cmwiO3M6MzI6Imh0dHA6Ly9sb2NhbGhvc3Qvc3VtbWl0L2FwaS9jYXJ0Ijt9czo2OiJfZmxhc2giO2E6Mjp7czozOiJvbGQiO2E6MDp7fXM6MzoibmV3IjthOjA6e319fQ==', 1760091909),
('tCEzlgI4K9YmeMphuKhoQoNCa7xEzKhVuXUnVpCN', NULL, '127.0.0.1', 'Mozilla/5.0 (Windows NT 10.0; Win64; x64; rv:143.0) Gecko/20100101 Firefox/143.0', 'YTozOntzOjY6Il90b2tlbiI7czo0MDoibFlTYUlISllvTVpmQzBmOHJnUnlYZ2FiMjlIdk1SSEZka0dISHZLVSI7czo5OiJfcHJldmlvdXMiO2E6MTp7czozOiJ1cmwiO3M6NzU6Imh0dHA6Ly9sb2NhbGhvc3Qvc3VtbWl0L2FwaS9wcm9kdWN0cy9zdW1taXQtb3V0ZXItbGlkLXByZXNzdXJlLWNvb2tlci1oZWF2eSI7fXM6NjoiX2ZsYXNoIjthOjI6e3M6Mzoib2xkIjthOjA6e31zOjM6Im5ldyI7YTowOnt9fX0=', 1760100951);
INSERT INTO `sessions` (`id`, `user_id`, `ip_address`, `user_agent`, `payload`, `last_activity`) VALUES
('u9EJLFZSDZgwHdc6ajwtXnZsozmeT4BgOZmNHPYW', NULL, '127.0.0.1', 'Mozilla/5.0 (Windows NT 10.0; Win64; x64; rv:143.0) Gecko/20100101 Firefox/143.0', 'YTozOntzOjY6Il90b2tlbiI7czo0MDoiNW0yaHQzYlZ3YjZmN1dsRjB3TDl4VTd5U0hoU3NnZHZuR1JIYUJsbCI7czo5OiJfcHJldmlvdXMiO2E6MTp7czozOiJ1cmwiO3M6MzI6Imh0dHA6Ly9sb2NhbGhvc3Qvc3VtbWl0L2FwaS9jYXJ0Ijt9czo2OiJfZmxhc2giO2E6Mjp7czozOiJvbGQiO2E6MDp7fXM6MzoibmV3IjthOjA6e319fQ==', 1760091422),
('uaaO8hEWoq0pn7cq1t6TD6UHVnJOYQz77Fbnghus', NULL, '127.0.0.1', 'Mozilla/5.0 (Windows NT 10.0; Win64; x64; rv:143.0) Gecko/20100101 Firefox/143.0', 'YTozOntzOjY6Il90b2tlbiI7czo0MDoiVHEwRGtqNlBJUmdCbVFad0RYN0V4T2RsWTNkcVRvT3llQ01vS1hMNSI7czo5OiJfcHJldmlvdXMiO2E6MTp7czozOiJ1cmwiO3M6NTI6Imh0dHA6Ly9sb2NhbGhvc3Qvc3VtbWl0L2FwaS9wcm9kdWN0cy9zdW1taXQtb3V0ZXJsaWQiO31zOjY6Il9mbGFzaCI7YToyOntzOjM6Im9sZCI7YTowOnt9czozOiJuZXciO2E6MDp7fX19', 1760096346),
('UcR2QERumTUIQxKmFaHoY8MAKOwRi5JdQ78NLUH5', NULL, '127.0.0.1', 'Mozilla/5.0 (Windows NT 10.0; Win64; x64; rv:143.0) Gecko/20100101 Firefox/143.0', 'YTozOntzOjY6Il90b2tlbiI7czo0MDoiUzZXb01rV21HMUd6Y2tHUVBEZlE5M1d3WHR1TUIwc1pvekIzWkM5NCI7czo5OiJfcHJldmlvdXMiO2E6MTp7czozOiJ1cmwiO3M6ODc6Imh0dHA6Ly9sb2NhbGhvc3Qvc3VtbWl0L2FwaS9wcm9kdWN0cy9zdW1taXQtYWx1bWluaXVtLW91dGVyLWxpZC1wcmVzc3VyZS1jb29rZXItc3VwcmVtZSI7fXM6NjoiX2ZsYXNoIjthOjI6e3M6Mzoib2xkIjthOjA6e31zOjM6Im5ldyI7YTowOnt9fX0=', 1760099123),
('v0HP6Y6ORuvjnZqX3xiDpI155UPPmjJ7xbKSNxsA', NULL, '127.0.0.1', 'Mozilla/5.0 (Windows NT 10.0; Win64; x64; rv:143.0) Gecko/20100101 Firefox/143.0', 'YTozOntzOjY6Il90b2tlbiI7czo0MDoiUTdTdlNteFR2UGJrREVaNjdxZGZ2T2o2VkNaenBDRFhuQ3VRWjJYaCI7czo5OiJfcHJldmlvdXMiO2E6MTp7czozOiJ1cmwiO3M6NTI6Imh0dHA6Ly9sb2NhbGhvc3Qvc3VtbWl0L2FwaS9wcm9kdWN0cy9zdW1taXQtb3V0ZXJsaWQiO31zOjY6Il9mbGFzaCI7YToyOntzOjM6Im9sZCI7YTowOnt9czozOiJuZXciO2E6MDp7fX19', 1760096236),
('VcTo8FfwWsrrQiUx0ndD0BLp32MuHQLy3gjYVgUO', NULL, '127.0.0.1', 'Mozilla/5.0 (Windows NT 10.0; Win64; x64; rv:143.0) Gecko/20100101 Firefox/143.0', 'YTozOntzOjY6Il90b2tlbiI7czo0MDoiN3hFYzFxQnBudUNubDZGMm9ydUo3ZHFvT3VsaG90Z1A3ejVGMDBFbiI7czo5OiJfcHJldmlvdXMiO2E6MTp7czozOiJ1cmwiO3M6NTI6Imh0dHA6Ly9sb2NhbGhvc3Qvc3VtbWl0L2FwaS9wcm9kdWN0cy9zdW1taXQtb3V0ZXJsaWQiO31zOjY6Il9mbGFzaCI7YToyOntzOjM6Im9sZCI7YTowOnt9czozOiJuZXciO2E6MDp7fX19', 1760099818),
('Voel74DG8gp797VWfwJLlqBDpdSnsRicxkoTRTbl', NULL, '127.0.0.1', 'Mozilla/5.0 (Windows NT 10.0; Win64; x64; rv:143.0) Gecko/20100101 Firefox/143.0', 'YTozOntzOjY6Il90b2tlbiI7czo0MDoiemh2MVVqMGFZMjRrNm53M1Fqb2NzSnNHNG41aWdianlTazFlMjcxTyI7czo5OiJfcHJldmlvdXMiO2E6MTp7czozOiJ1cmwiO3M6MzI6Imh0dHA6Ly9sb2NhbGhvc3Qvc3VtbWl0L2FwaS9jYXJ0Ijt9czo2OiJfZmxhc2giO2E6Mjp7czozOiJvbGQiO2E6MDp7fXM6MzoibmV3IjthOjA6e319fQ==', 1760091823),
('vuXHE6aZ3dRPXwBO6sB2zcKIvQY2W4X5dE4EJkLQ', NULL, '127.0.0.1', 'Mozilla/5.0 (Windows NT 10.0; Win64; x64; rv:143.0) Gecko/20100101 Firefox/143.0', 'YTozOntzOjY6Il90b2tlbiI7czo0MDoiMEdzTUEzMFNSajBuZDlPaDV3OVFCT3FSR0M2RUxFS05ZQnQ0WlpXdiI7czo5OiJfcHJldmlvdXMiO2E6MTp7czozOiJ1cmwiO3M6NTI6Imh0dHA6Ly9sb2NhbGhvc3Qvc3VtbWl0L2FwaS9wcm9kdWN0cy9zdW1taXQtb3V0ZXJsaWQiO31zOjY6Il9mbGFzaCI7YToyOntzOjM6Im9sZCI7YTowOnt9czozOiJuZXciO2E6MDp7fX19', 1760096396),
('vvbOP7taDeKFRZ6jtUFL90Zu2CNpdZ6GwVssT6bU', NULL, '127.0.0.1', 'Mozilla/5.0 (Windows NT 10.0; Win64; x64; rv:143.0) Gecko/20100101 Firefox/143.0', 'YTozOntzOjY6Il90b2tlbiI7czo0MDoiQmRIQnRQbFd1MUhzOWVtck9JcExtakF0N25FdnlzOUI3bFJIVHZYSiI7czo5OiJfcHJldmlvdXMiO2E6MTp7czozOiJ1cmwiO3M6MzI6Imh0dHA6Ly9sb2NhbGhvc3Qvc3VtbWl0L2FwaS9jYXJ0Ijt9czo2OiJfZmxhc2giO2E6Mjp7czozOiJvbGQiO2E6MDp7fXM6MzoibmV3IjthOjA6e319fQ==', 1760091808),
('vVCyGz2INGkKXgwrscF37Vq2p7kd0vev5vDzlt4O', NULL, '127.0.0.1', 'Mozilla/5.0 (Windows NT 10.0; Win64; x64; rv:143.0) Gecko/20100101 Firefox/143.0', 'YTozOntzOjY6Il90b2tlbiI7czo0MDoic2NwaEIya0lRbmdMZTUxN3JxOWJQQklPaWFBN2tzSENNNk5hUGdESCI7czo5OiJfcHJldmlvdXMiO2E6MTp7czozOiJ1cmwiO3M6NTI6Imh0dHA6Ly9sb2NhbGhvc3Qvc3VtbWl0L2FwaS9wcm9kdWN0cy9zdW1taXQtb3V0ZXJsaWQiO31zOjY6Il9mbGFzaCI7YToyOntzOjM6Im9sZCI7YTowOnt9czozOiJuZXciO2E6MDp7fX19', 1760097148),
('vwQeEijEbByGaaOmCvfFOAjAFdUlcoSp1RL64yob', NULL, '127.0.0.1', 'Mozilla/5.0 (Windows NT 10.0; Win64; x64; rv:143.0) Gecko/20100101 Firefox/143.0', 'YTozOntzOjY6Il90b2tlbiI7czo0MDoiaUR5QjdrdDBKaEwxT2NXZlhubXc0TnNwZ1pRVlVzcm9sZHpsYkkzVCI7czo5OiJfcHJldmlvdXMiO2E6MTp7czozOiJ1cmwiO3M6MzI6Imh0dHA6Ly9sb2NhbGhvc3Qvc3VtbWl0L2FwaS9jYXJ0Ijt9czo2OiJfZmxhc2giO2E6Mjp7czozOiJvbGQiO2E6MDp7fXM6MzoibmV3IjthOjA6e319fQ==', 1760091734),
('vZzlPZX9pLsw4aSh05VlI0b71V9asmfQiUJT8d0I', NULL, '127.0.0.1', 'Mozilla/5.0 (Windows NT 10.0; Win64; x64; rv:143.0) Gecko/20100101 Firefox/143.0', 'YTozOntzOjY6Il90b2tlbiI7czo0MDoiS1AyNTlmbTFFR2I3aEo4MmI1aHlOa2d4MXF4dnliT281T20wbEduRyI7czo5OiJfcHJldmlvdXMiO2E6MTp7czozOiJ1cmwiO3M6NTI6Imh0dHA6Ly9sb2NhbGhvc3Qvc3VtbWl0L2FwaS9wcm9kdWN0cy9zdW1taXQtb3V0ZXJsaWQiO31zOjY6Il9mbGFzaCI7YToyOntzOjM6Im9sZCI7YTowOnt9czozOiJuZXciO2E6MDp7fX19', 1760096283),
('w7Z1aX8HsnE7SjKt9CUMOEIgF5oLogkdAabdknJX', NULL, '127.0.0.1', 'Mozilla/5.0 (Windows NT 10.0; Win64; x64; rv:143.0) Gecko/20100101 Firefox/143.0', 'YTozOntzOjY6Il90b2tlbiI7czo0MDoicFNuZTBzTlJPR0lYdExXekxuWkNuVUdubDgzVGhKNG5tRVE4MTFhZCI7czo5OiJfcHJldmlvdXMiO2E6MTp7czozOiJ1cmwiO3M6MzI6Imh0dHA6Ly9sb2NhbGhvc3Qvc3VtbWl0L2FwaS9jYXJ0Ijt9czo2OiJfZmxhc2giO2E6Mjp7czozOiJvbGQiO2E6MDp7fXM6MzoibmV3IjthOjA6e319fQ==', 1760091826),
('wNY03TP0Y0RPg4hzijP6HD2BrhororNRkoxregUq', NULL, '127.0.0.1', 'Mozilla/5.0 (Windows NT 10.0; Win64; x64; rv:143.0) Gecko/20100101 Firefox/143.0', 'YTozOntzOjY6Il90b2tlbiI7czo0MDoid3lSYThPU1h6VlF5c0F5UjlFWGt6czhGNFpLaUVrVUZhRkk3b1ZocyI7czo5OiJfcHJldmlvdXMiO2E6MTp7czozOiJ1cmwiO3M6Njg6Imh0dHA6Ly9sb2NhbGhvc3Qvc3VtbWl0L2FwaS9wcm9kdWN0cy9zdW1taXQtb3V0ZXJsaWQtY29tYmlwYWNrLXByaW1lIjt9czo2OiJfZmxhc2giO2E6Mjp7czozOiJvbGQiO2E6MDp7fXM6MzoibmV3IjthOjA6e319fQ==', 1760095549),
('WtgHYcko1V4iW9HJox3OC73BBPqJyP9Ldf1bcyTN', NULL, '127.0.0.1', 'Mozilla/5.0 (Windows NT 10.0; Win64; x64; rv:143.0) Gecko/20100101 Firefox/143.0', 'YTozOntzOjY6Il90b2tlbiI7czo0MDoiNWdET2hSUDhUbUxBZ1NVb3hvVnBYMjdYZHFXNG9DQ3V1c3hqVlN5ayI7czo5OiJfcHJldmlvdXMiO2E6MTp7czozOiJ1cmwiO3M6NTI6Imh0dHA6Ly9sb2NhbGhvc3Qvc3VtbWl0L2FwaS9wcm9kdWN0cy9zdW1taXQtb3V0ZXJsaWQiO31zOjY6Il9mbGFzaCI7YToyOntzOjM6Im9sZCI7YTowOnt9czozOiJuZXciO2E6MDp7fX19', 1760096394),
('wYITucrfkg1RpGJiNMRwc3Gxuqe0Q9OXELsEWtTU', NULL, '127.0.0.1', 'Mozilla/5.0 (Windows NT 10.0; Win64; x64; rv:143.0) Gecko/20100101 Firefox/143.0', 'YTozOntzOjY6Il90b2tlbiI7czo0MDoiTXpkQnRJaVFtdjFuY01KR2NDMG1jUG1xdDhVbW1EbUJRdnNPek5xQSI7czo5OiJfcHJldmlvdXMiO2E6MTp7czozOiJ1cmwiO3M6MzI6Imh0dHA6Ly9sb2NhbGhvc3Qvc3VtbWl0L2FwaS9jYXJ0Ijt9czo2OiJfZmxhc2giO2E6Mjp7czozOiJvbGQiO2E6MDp7fXM6MzoibmV3IjthOjA6e319fQ==', 1760091853),
('X4ENhUqhnfGF6KWkBeC7Esn7iGEupLm6Jrc5pY3L', NULL, '127.0.0.1', 'Mozilla/5.0 (Windows NT 10.0; Win64; x64; rv:143.0) Gecko/20100101 Firefox/143.0', 'YTozOntzOjY6Il90b2tlbiI7czo0MDoiczhRZDM1ME83Wmg2czRGN0llTEJUUnhPM3lpZ2w0b0hNSU5PVm53YiI7czo5OiJfcHJldmlvdXMiO2E6MTp7czozOiJ1cmwiO3M6MzI6Imh0dHA6Ly9sb2NhbGhvc3Qvc3VtbWl0L2FwaS9jYXJ0Ijt9czo2OiJfZmxhc2giO2E6Mjp7czozOiJvbGQiO2E6MDp7fXM6MzoibmV3IjthOjA6e319fQ==', 1760091887),
('xkUY0Ye8ef1NGh8auwc2PdLZFK3h6odT732hgdaB', NULL, '127.0.0.1', 'Mozilla/5.0 (Windows NT 10.0; Win64; x64; rv:143.0) Gecko/20100101 Firefox/143.0', 'YTozOntzOjY6Il90b2tlbiI7czo0MDoicmRYT2ZodlpxcFdXTWkyVHRBbFJFWklGMUJNZzRCQXdGVkxNOUJMNyI7czo5OiJfcHJldmlvdXMiO2E6MTp7czozOiJ1cmwiO3M6NTI6Imh0dHA6Ly9sb2NhbGhvc3Qvc3VtbWl0L2FwaS9wcm9kdWN0cy9wcmVzc3VyZS1jb29rZXIiO31zOjY6Il9mbGFzaCI7YToyOntzOjM6Im9sZCI7YTowOnt9czozOiJuZXciO2E6MDp7fX19', 1760098550),
('xlD6z5jRAhcr0DLOpACiuWrlxAJeBV69RUqtWcVv', NULL, '::1', 'Mozilla/5.0 (Windows NT 10.0; Win64; x64) AppleWebKit/537.36 (KHTML, like Gecko) Chrome/141.0.0.0 Safari/537.36', 'YTozOntzOjY6Il90b2tlbiI7czo0MDoiM0ZsNGdQMndWYXVKeDVFdDZjekllMUM4TE0wckhNSWNUZWpmaE9HeiI7czo5OiJfcHJldmlvdXMiO2E6MTp7czozOiJ1cmwiO3M6NTI6Imh0dHA6Ly9sb2NhbGhvc3Qvc3VtbWl0L2FwaS9wcm9kdWN0cy9zdW1taXQtb3V0ZXJsaWQiO31zOjY6Il9mbGFzaCI7YToyOntzOjM6Im9sZCI7YTowOnt9czozOiJuZXciO2E6MDp7fX19', 1760092250),
('xNcNbOF1IrM77JOOavaqCwVhotZcGuo5wiVUaSwl', NULL, '127.0.0.1', 'Mozilla/5.0 (Windows NT 10.0; Win64; x64; rv:143.0) Gecko/20100101 Firefox/143.0', 'YTozOntzOjY6Il90b2tlbiI7czo0MDoieTdjOGN2bFUwczIwWDh4WXFGRDJqMHc2U3hQU09kNXdnVjRrbHhmYiI7czo5OiJfcHJldmlvdXMiO2E6MTp7czozOiJ1cmwiO3M6NTI6Imh0dHA6Ly9sb2NhbGhvc3Qvc3VtbWl0L2FwaS9wcm9kdWN0cy9zdW1taXQtb3V0ZXJsaWQiO31zOjY6Il9mbGFzaCI7YToyOntzOjM6Im9sZCI7YTowOnt9czozOiJuZXciO2E6MDp7fX19', 1760097021),
('XTx2bK6ITafVyKY2rQEEm2orO9b4d2mYmEqe1Dyi', NULL, '::1', 'Mozilla/5.0 (Windows NT 10.0; Win64; x64) AppleWebKit/537.36 (KHTML, like Gecko) Chrome/141.0.0.0 Safari/537.36', 'YTozOntzOjY6Il90b2tlbiI7czo0MDoiNGlaWkhHbTQ3cGhNN1F1QVJGNUhRNnkzRjRUOFN4aW1zb1ZRQ3VyQSI7czo5OiJfcHJldmlvdXMiO2E6MTp7czozOiJ1cmwiO3M6NTI6Imh0dHA6Ly9sb2NhbGhvc3Qvc3VtbWl0L2FwaS9wcm9kdWN0cy9zdW1taXQtb3V0ZXJsaWQiO31zOjY6Il9mbGFzaCI7YToyOntzOjM6Im9sZCI7YTowOnt9czozOiJuZXciO2E6MDp7fX19', 1760096001),
('xuyaGNtweu1UAscvqT3D4qHdgtNJrXBvEYUlpFhU', NULL, '127.0.0.1', 'Mozilla/5.0 (Windows NT 10.0; Win64; x64; rv:143.0) Gecko/20100101 Firefox/143.0', 'YTozOntzOjY6Il90b2tlbiI7czo0MDoiS0h3Z0xCRHV5bWpmZHpPZjNteHdLZ1NyRHNTeGl0eHlKcHk3VFgyTSI7czo5OiJfcHJldmlvdXMiO2E6MTp7czozOiJ1cmwiO3M6NTI6Imh0dHA6Ly9sb2NhbGhvc3Qvc3VtbWl0L2FwaS9wcm9kdWN0cy9zdW1taXQtb3V0ZXJsaWQiO31zOjY6Il9mbGFzaCI7YToyOntzOjM6Im9sZCI7YTowOnt9czozOiJuZXciO2E6MDp7fX19', 1760098527),
('XxPa3vVt2gexJr79hMWn36Zy5wJduVrttfhClJpE', NULL, '127.0.0.1', 'Mozilla/5.0 (Windows NT 10.0; Win64; x64; rv:143.0) Gecko/20100101 Firefox/143.0', 'YTozOntzOjY6Il90b2tlbiI7czo0MDoiUXZXb1ZFSGJETE5vNFdMUG9QbVI0UHVZNTkzMjN2UVBQaHJrNGZxNSI7czo5OiJfcHJldmlvdXMiO2E6MTp7czozOiJ1cmwiO3M6Njg6Imh0dHA6Ly9sb2NhbGhvc3Qvc3VtbWl0L2FwaS9wcm9kdWN0cy9zdW1taXQtb3V0ZXJsaWQtY29tYmlwYWNrLXByaW1lIjt9czo2OiJfZmxhc2giO2E6Mjp7czozOiJvbGQiO2E6MDp7fXM6MzoibmV3IjthOjA6e319fQ==', 1760100942),
('y0y0ubpvtVaozsNZ7vKFOZExDhPN1fl1kGrrO790', NULL, '127.0.0.1', 'Mozilla/5.0 (Windows NT 10.0; Win64; x64; rv:143.0) Gecko/20100101 Firefox/143.0', 'YTozOntzOjY6Il90b2tlbiI7czo0MDoia3p5dmZ2QUowOFUwWmdYcmdibU1lOEN5NW9vc1o1V0FLb0ttVEVBbSI7czo5OiJfcHJldmlvdXMiO2E6MTp7czozOiJ1cmwiO3M6MzI6Imh0dHA6Ly9sb2NhbGhvc3Qvc3VtbWl0L2FwaS9jYXJ0Ijt9czo2OiJfZmxhc2giO2E6Mjp7czozOiJvbGQiO2E6MDp7fXM6MzoibmV3IjthOjA6e319fQ==', 1760091770),
('y77CCFbgzVZ3mzZocfc75PTWGMJabrP0xqFWyDgA', NULL, '::1', 'Mozilla/5.0 (Windows NT 10.0; Win64; x64) AppleWebKit/537.36 (KHTML, like Gecko) Chrome/141.0.0.0 Safari/537.36', 'YTozOntzOjY6Il90b2tlbiI7czo0MDoiTVptQm5VaEhvUjNpWGxWUHBjSEg4cFBNcjcyQzA4QTNFMXR6SXQwUSI7czo5OiJfcHJldmlvdXMiO2E6MTp7czozOiJ1cmwiO3M6NTI6Imh0dHA6Ly9sb2NhbGhvc3Qvc3VtbWl0L2FwaS9wcm9kdWN0cy9zdW1taXQtb3V0ZXJsaWQiO31zOjY6Il9mbGFzaCI7YToyOntzOjM6Im9sZCI7YTowOnt9czozOiJuZXciO2E6MDp7fX19', 1760092277),
('Y8M7WD3EhB7RwC41Okcz5Wv48Mme5Yw8zIZw2Ckj', NULL, '127.0.0.1', 'Mozilla/5.0 (Windows NT 10.0; Win64; x64; rv:143.0) Gecko/20100101 Firefox/143.0', 'YTozOntzOjY6Il90b2tlbiI7czo0MDoiRmpKWkl6YUFpYzM1R0dzbVRFRVhBblN3NW1MOFFLRUpYUXhxUVZyUiI7czo5OiJfcHJldmlvdXMiO2E6MTp7czozOiJ1cmwiO3M6Njg6Imh0dHA6Ly9sb2NhbGhvc3Qvc3VtbWl0L2FwaS9wcm9kdWN0cy9zdW1taXQtb3V0ZXJsaWQtY29tYmlwYWNrLXByaW1lIjt9czo2OiJfZmxhc2giO2E6Mjp7czozOiJvbGQiO2E6MDp7fXM6MzoibmV3IjthOjA6e319fQ==', 1760092071),
('y9kcqse2kSJcrMOt7X6lWKgvqOARoaJmWiL9J5JX', NULL, '127.0.0.1', 'Mozilla/5.0 (Windows NT 10.0; Win64; x64; rv:143.0) Gecko/20100101 Firefox/143.0', 'YTozOntzOjY6Il90b2tlbiI7czo0MDoiTERqQzRLZGdwV003RWZhRjd0c2NwVFZ0M1V6eXRtb3BrTm4ydWxDZyI7czo5OiJfcHJldmlvdXMiO2E6MTp7czozOiJ1cmwiO3M6MzI6Imh0dHA6Ly9sb2NhbGhvc3Qvc3VtbWl0L2FwaS9jYXJ0Ijt9czo2OiJfZmxhc2giO2E6Mjp7czozOiJvbGQiO2E6MDp7fXM6MzoibmV3IjthOjA6e319fQ==', 1760091854),
('YoMEZ2y6dzIhEbUHzggqnrylJcF1xcZgZQp2SxMW', NULL, '127.0.0.1', 'Mozilla/5.0 (Windows NT 10.0; Win64; x64; rv:143.0) Gecko/20100101 Firefox/143.0', 'YTozOntzOjY6Il90b2tlbiI7czo0MDoiWUJVZzJLQWtGQTdRd1FoY2hxMjlYeFNOaTh3aUNDZUllUXdWQ1JENyI7czo5OiJfcHJldmlvdXMiO2E6MTp7czozOiJ1cmwiO3M6MzI6Imh0dHA6Ly9sb2NhbGhvc3Qvc3VtbWl0L2FwaS9jYXJ0Ijt9czo2OiJfZmxhc2giO2E6Mjp7czozOiJvbGQiO2E6MDp7fXM6MzoibmV3IjthOjA6e319fQ==', 1760091808),
('ZgplGrmAMZDHDmucv4aADGukElaKou56vlWuzghI', NULL, '::1', 'Mozilla/5.0 (Windows NT 10.0; Win64; x64) AppleWebKit/537.36 (KHTML, like Gecko) Chrome/141.0.0.0 Safari/537.36', 'YTozOntzOjY6Il90b2tlbiI7czo0MDoiNlJrZUo2bGdPOUhEZ2VJSnBXQlFTMG9vMDd5QkdYbTZrM3I1QTVxdCI7czo5OiJfcHJldmlvdXMiO2E6MTp7czozOiJ1cmwiO3M6NTI6Imh0dHA6Ly9sb2NhbGhvc3Qvc3VtbWl0L2FwaS9wcm9kdWN0cy9zdW1taXQtb3V0ZXJsaWQiO31zOjY6Il9mbGFzaCI7YToyOntzOjM6Im9sZCI7YTowOnt9czozOiJuZXciO2E6MDp7fX19', 1760091720),
('zZk0YyVtWeGwabVf5toKOy5l8VkLPmTvJfz1yhB5', NULL, '127.0.0.1', 'Mozilla/5.0 (Windows NT 10.0; Win64; x64; rv:143.0) Gecko/20100101 Firefox/143.0', 'YTozOntzOjY6Il90b2tlbiI7czo0MDoieHRKS0NCa1RSNGp5YXJuRFo0N2MwdjRmUFZTR0M4UnpRZmp1WENNayI7czo5OiJfcHJldmlvdXMiO2E6MTp7czozOiJ1cmwiO3M6NTI6Imh0dHA6Ly9sb2NhbGhvc3Qvc3VtbWl0L2FwaS9wcm9kdWN0cy9zdW1taXQtb3V0ZXJsaWQiO31zOjY6Il9mbGFzaCI7YToyOntzOjM6Im9sZCI7YTowOnt9czozOiJuZXciO2E6MDp7fX19', 1760097269);

-- --------------------------------------------------------

--
-- Table structure for table `users`
--

CREATE TABLE `users` (
  `id` bigint(20) UNSIGNED NOT NULL,
  `name` varchar(255) NOT NULL,
  `email` varchar(255) NOT NULL,
  `email_verified_at` timestamp NULL DEFAULT NULL,
  `password` varchar(255) NOT NULL,
  `remember_token` varchar(100) DEFAULT NULL,
  `created_at` timestamp NULL DEFAULT NULL,
  `updated_at` timestamp NULL DEFAULT NULL
) ENGINE=InnoDB DEFAULT CHARSET=utf8mb4 COLLATE=utf8mb4_unicode_ci;

--
-- Indexes for dumped tables
--

--
-- Indexes for table `attributes`
--
ALTER TABLE `attributes`
  ADD PRIMARY KEY (`id`);

--
-- Indexes for table `attribute_values`
--
ALTER TABLE `attribute_values`
  ADD PRIMARY KEY (`id`);

--
-- Indexes for table `cache`
--
ALTER TABLE `cache`
  ADD PRIMARY KEY (`key`);

--
-- Indexes for table `cache_locks`
--
ALTER TABLE `cache_locks`
  ADD PRIMARY KEY (`key`);

--
-- Indexes for table `carts`
--
ALTER TABLE `carts`
  ADD PRIMARY KEY (`id`);

--
-- Indexes for table `cart_items`
--
ALTER TABLE `cart_items`
  ADD PRIMARY KEY (`id`);

--
-- Indexes for table `categories`
--
ALTER TABLE `categories`
  ADD PRIMARY KEY (`id`);

--
-- Indexes for table `failed_jobs`
--
ALTER TABLE `failed_jobs`
  ADD PRIMARY KEY (`id`),
  ADD UNIQUE KEY `failed_jobs_uuid_unique` (`uuid`);

--
-- Indexes for table `jobs`
--
ALTER TABLE `jobs`
  ADD PRIMARY KEY (`id`),
  ADD KEY `jobs_queue_index` (`queue`);

--
-- Indexes for table `job_batches`
--
ALTER TABLE `job_batches`
  ADD PRIMARY KEY (`id`);

--
-- Indexes for table `migrations`
--
ALTER TABLE `migrations`
  ADD PRIMARY KEY (`id`);

--
-- Indexes for table `password_reset_tokens`
--
ALTER TABLE `password_reset_tokens`
  ADD PRIMARY KEY (`email`);

--
-- Indexes for table `products`
--
ALTER TABLE `products`
  ADD PRIMARY KEY (`id`);

--
-- Indexes for table `product_variants`
--
ALTER TABLE `product_variants`
  ADD PRIMARY KEY (`id`);

--
-- Indexes for table `product_variant_attributes`
--
ALTER TABLE `product_variant_attributes`
  ADD PRIMARY KEY (`id`);

--
-- Indexes for table `product_variant_images`
--
ALTER TABLE `product_variant_images`
  ADD PRIMARY KEY (`id`);

--
-- Indexes for table `sessions`
--
ALTER TABLE `sessions`
  ADD PRIMARY KEY (`id`),
  ADD KEY `sessions_user_id_index` (`user_id`),
  ADD KEY `sessions_last_activity_index` (`last_activity`);

--
-- Indexes for table `users`
--
ALTER TABLE `users`
  ADD PRIMARY KEY (`id`),
  ADD UNIQUE KEY `users_email_unique` (`email`);

--
-- AUTO_INCREMENT for dumped tables
--

--
-- AUTO_INCREMENT for table `attributes`
--
ALTER TABLE `attributes`
  MODIFY `id` int(11) NOT NULL AUTO_INCREMENT, AUTO_INCREMENT=5;

--
-- AUTO_INCREMENT for table `attribute_values`
--
ALTER TABLE `attribute_values`
  MODIFY `id` int(11) NOT NULL AUTO_INCREMENT, AUTO_INCREMENT=13;

--
-- AUTO_INCREMENT for table `carts`
--
ALTER TABLE `carts`
  MODIFY `id` bigint(20) NOT NULL AUTO_INCREMENT, AUTO_INCREMENT=2;

--
-- AUTO_INCREMENT for table `cart_items`
--
ALTER TABLE `cart_items`
  MODIFY `id` bigint(20) NOT NULL AUTO_INCREMENT, AUTO_INCREMENT=14;

--
-- AUTO_INCREMENT for table `categories`
--
ALTER TABLE `categories`
  MODIFY `id` int(11) NOT NULL AUTO_INCREMENT, AUTO_INCREMENT=3;

--
-- AUTO_INCREMENT for table `failed_jobs`
--
ALTER TABLE `failed_jobs`
  MODIFY `id` bigint(20) UNSIGNED NOT NULL AUTO_INCREMENT;

--
-- AUTO_INCREMENT for table `jobs`
--
ALTER TABLE `jobs`
  MODIFY `id` bigint(20) UNSIGNED NOT NULL AUTO_INCREMENT;

--
-- AUTO_INCREMENT for table `migrations`
--
ALTER TABLE `migrations`
  MODIFY `id` int(10) UNSIGNED NOT NULL AUTO_INCREMENT;

--
-- AUTO_INCREMENT for table `products`
--
ALTER TABLE `products`
  MODIFY `id` int(11) NOT NULL AUTO_INCREMENT, AUTO_INCREMENT=7;

--
-- AUTO_INCREMENT for table `product_variants`
--
ALTER TABLE `product_variants`
  MODIFY `id` int(11) NOT NULL AUTO_INCREMENT, AUTO_INCREMENT=15;

--
-- AUTO_INCREMENT for table `product_variant_attributes`
--
ALTER TABLE `product_variant_attributes`
  MODIFY `id` int(11) NOT NULL AUTO_INCREMENT, AUTO_INCREMENT=25;

--
-- AUTO_INCREMENT for table `product_variant_images`
--
ALTER TABLE `product_variant_images`
  MODIFY `id` int(11) NOT NULL AUTO_INCREMENT, AUTO_INCREMENT=14;

--
-- AUTO_INCREMENT for table `users`
--
ALTER TABLE `users`
  MODIFY `id` bigint(20) UNSIGNED NOT NULL AUTO_INCREMENT;
COMMIT;

/*!40101 SET CHARACTER_SET_CLIENT=@OLD_CHARACTER_SET_CLIENT */;
/*!40101 SET CHARACTER_SET_RESULTS=@OLD_CHARACTER_SET_RESULTS */;
/*!40101 SET COLLATION_CONNECTION=@OLD_COLLATION_CONNECTION */;
